id,role,user_id
1,USER_ROLE,638
2,USER_ROLE,76
3,USER_ROLE,431
4,USER_ROLE,258
5,USER_ROLE,639
6,ADMIN_ROLE,66
7,USER_ROLE,210
8,USER_ROLE,689
9,USER_ROLE,291
10,USER_ROLE,242
11,ADMIN_ROLE,211
12,USER_ROLE,833
13,ADMIN_ROLE,709
14,USER_ROLE,389
15,ADMIN_ROLE,430
16,ADMIN_ROLE,505
17,ADMIN_ROLE,566
18,USER_ROLE,712
19,USER_ROLE,600
20,USER_ROLE,646
21,ADMIN_ROLE,131
22,USER_ROLE,68
23,ADMIN_ROLE,586
24,USER_ROLE,7
25,USER_ROLE,244
26,ADMIN_ROLE,389
27,USER_ROLE,825
28,USER_ROLE,352
29,USER_ROLE,577
30,USER_ROLE,465
31,USER_ROLE,741
32,USER_ROLE,557
33,USER_ROLE,386
34,USER_ROLE,398
35,USER_ROLE,534
36,ADMIN_ROLE,717
37,ADMIN_ROLE,143
38,USER_ROLE,814
39,USER_ROLE,150
40,USER_ROLE,361
41,ADMIN_ROLE,182
42,USER_ROLE,314
43,USER_ROLE,756
44,USER_ROLE,99
45,USER_ROLE,854
46,USER_ROLE,947
47,USER_ROLE,745
48,USER_ROLE,870
49,ADMIN_ROLE,677
50,USER_ROLE,708
51,ADMIN_ROLE,307
52,ADMIN_ROLE,609
53,USER_ROLE,933
54,ADMIN_ROLE,809
55,ADMIN_ROLE,768
56,USER_ROLE,62
57,ADMIN_ROLE,918
58,USER_ROLE,999
59,ADMIN_ROLE,148
60,ADMIN_ROLE,341
61,USER_ROLE,252
62,USER_ROLE,619
63,USER_ROLE,594
64,USER_ROLE,307
65,USER_ROLE,305
66,ADMIN_ROLE,508
67,USER_ROLE,648
68,USER_ROLE,981
69,USER_ROLE,874
70,USER_ROLE,670
71,USER_ROLE,594
72,USER_ROLE,751
73,USER_ROLE,658
74,ADMIN_ROLE,155
75,USER_ROLE,28
76,USER_ROLE,492
77,USER_ROLE,209
78,ADMIN_ROLE,275
79,USER_ROLE,627
80,ADMIN_ROLE,482
81,USER_ROLE,849
82,ADMIN_ROLE,651
83,ADMIN_ROLE,26
84,ADMIN_ROLE,549
85,ADMIN_ROLE,661
86,USER_ROLE,562
87,ADMIN_ROLE,135
88,ADMIN_ROLE,596
89,USER_ROLE,421
90,USER_ROLE,380
91,USER_ROLE,968
92,ADMIN_ROLE,692
93,ADMIN_ROLE,347
94,ADMIN_ROLE,218
95,ADMIN_ROLE,226
96,USER_ROLE,159
97,USER_ROLE,541
98,ADMIN_ROLE,287
99,ADMIN_ROLE,62
100,ADMIN_ROLE,193
101,USER_ROLE,502
102,ADMIN_ROLE,944
103,USER_ROLE,805
104,USER_ROLE,128
105,ADMIN_ROLE,348
106,ADMIN_ROLE,946
107,USER_ROLE,783
108,USER_ROLE,148
109,USER_ROLE,171
110,ADMIN_ROLE,656
111,ADMIN_ROLE,219
112,ADMIN_ROLE,132
113,ADMIN_ROLE,619
114,USER_ROLE,607
115,USER_ROLE,292
116,USER_ROLE,234
117,ADMIN_ROLE,482
118,ADMIN_ROLE,662
119,USER_ROLE,402
120,USER_ROLE,843
121,USER_ROLE,558
122,USER_ROLE,407
123,USER_ROLE,467
124,ADMIN_ROLE,305
125,USER_ROLE,797
126,ADMIN_ROLE,914
127,ADMIN_ROLE,789
128,USER_ROLE,770
129,USER_ROLE,812
130,ADMIN_ROLE,844
131,ADMIN_ROLE,61
132,USER_ROLE,631
133,USER_ROLE,498
134,USER_ROLE,663
135,ADMIN_ROLE,381
136,USER_ROLE,106
137,USER_ROLE,399
138,USER_ROLE,903
139,USER_ROLE,837
140,USER_ROLE,447
141,ADMIN_ROLE,529
142,ADMIN_ROLE,571
143,USER_ROLE,317
144,USER_ROLE,332
145,ADMIN_ROLE,286
146,USER_ROLE,244
147,USER_ROLE,348
148,ADMIN_ROLE,187
149,ADMIN_ROLE,508
150,USER_ROLE,763
151,ADMIN_ROLE,765
152,USER_ROLE,439
153,ADMIN_ROLE,101
154,USER_ROLE,888
155,ADMIN_ROLE,554
156,ADMIN_ROLE,955
157,ADMIN_ROLE,832
158,ADMIN_ROLE,849
159,ADMIN_ROLE,222
160,USER_ROLE,281
161,USER_ROLE,748
162,ADMIN_ROLE,323
163,ADMIN_ROLE,344
164,USER_ROLE,961
165,ADMIN_ROLE,194
166,USER_ROLE,614
167,ADMIN_ROLE,78
168,ADMIN_ROLE,444
169,USER_ROLE,717
170,ADMIN_ROLE,134
171,USER_ROLE,11
172,ADMIN_ROLE,870
173,USER_ROLE,947
174,ADMIN_ROLE,863
175,ADMIN_ROLE,616
176,ADMIN_ROLE,12
177,ADMIN_ROLE,483
178,USER_ROLE,279
179,USER_ROLE,856
180,ADMIN_ROLE,444
181,USER_ROLE,809
182,ADMIN_ROLE,674
183,ADMIN_ROLE,868
184,USER_ROLE,965
185,ADMIN_ROLE,511
186,USER_ROLE,444
187,ADMIN_ROLE,247
188,ADMIN_ROLE,225
189,ADMIN_ROLE,621
190,ADMIN_ROLE,799
191,USER_ROLE,660
192,USER_ROLE,824
193,USER_ROLE,603
194,ADMIN_ROLE,196
195,ADMIN_ROLE,302
196,USER_ROLE,389
197,USER_ROLE,570
198,USER_ROLE,511
199,USER_ROLE,363
200,ADMIN_ROLE,336
201,ADMIN_ROLE,887
202,USER_ROLE,537
203,ADMIN_ROLE,130
204,USER_ROLE,702
205,USER_ROLE,870
206,USER_ROLE,121
207,ADMIN_ROLE,913
208,ADMIN_ROLE,348
209,USER_ROLE,1000
210,ADMIN_ROLE,367
211,ADMIN_ROLE,889
212,ADMIN_ROLE,442
213,USER_ROLE,543
214,USER_ROLE,223
215,ADMIN_ROLE,420
216,USER_ROLE,417
217,ADMIN_ROLE,114
218,ADMIN_ROLE,793
219,USER_ROLE,702
220,ADMIN_ROLE,39
221,ADMIN_ROLE,405
222,USER_ROLE,607
223,ADMIN_ROLE,610
224,USER_ROLE,350
225,ADMIN_ROLE,775
226,USER_ROLE,710
227,ADMIN_ROLE,988
228,ADMIN_ROLE,443
229,USER_ROLE,218
230,ADMIN_ROLE,671
231,USER_ROLE,226
232,USER_ROLE,281
233,USER_ROLE,144
234,ADMIN_ROLE,278
235,USER_ROLE,495
236,ADMIN_ROLE,66
237,USER_ROLE,711
238,ADMIN_ROLE,676
239,ADMIN_ROLE,181
240,USER_ROLE,992
241,ADMIN_ROLE,742
242,ADMIN_ROLE,120
243,ADMIN_ROLE,879
244,ADMIN_ROLE,836
245,USER_ROLE,247
246,USER_ROLE,670
247,ADMIN_ROLE,45
248,ADMIN_ROLE,863
249,USER_ROLE,479
250,USER_ROLE,447
251,USER_ROLE,589
252,USER_ROLE,203
253,ADMIN_ROLE,242
254,USER_ROLE,991
255,USER_ROLE,938
256,ADMIN_ROLE,720
257,ADMIN_ROLE,788
258,ADMIN_ROLE,847
259,USER_ROLE,356
260,ADMIN_ROLE,579
261,USER_ROLE,780
262,USER_ROLE,856
263,ADMIN_ROLE,231
264,ADMIN_ROLE,573
265,ADMIN_ROLE,146
266,ADMIN_ROLE,221
267,USER_ROLE,86
268,ADMIN_ROLE,431
269,ADMIN_ROLE,196
270,ADMIN_ROLE,342
271,USER_ROLE,576
272,ADMIN_ROLE,121
273,ADMIN_ROLE,168
274,ADMIN_ROLE,898
275,USER_ROLE,901
276,USER_ROLE,496
277,ADMIN_ROLE,209
278,ADMIN_ROLE,198
279,ADMIN_ROLE,351
280,USER_ROLE,689
281,ADMIN_ROLE,529
282,ADMIN_ROLE,177
283,USER_ROLE,418
284,USER_ROLE,244
285,ADMIN_ROLE,936
286,USER_ROLE,14
287,USER_ROLE,630
288,USER_ROLE,508
289,ADMIN_ROLE,958
290,USER_ROLE,288
291,ADMIN_ROLE,599
292,USER_ROLE,534
293,ADMIN_ROLE,282
294,USER_ROLE,621
295,USER_ROLE,409
296,ADMIN_ROLE,592
297,USER_ROLE,390
298,USER_ROLE,531
299,ADMIN_ROLE,908
300,USER_ROLE,398
301,ADMIN_ROLE,845
302,USER_ROLE,599
303,USER_ROLE,397
304,ADMIN_ROLE,704
305,ADMIN_ROLE,783
306,USER_ROLE,875
307,USER_ROLE,844
308,USER_ROLE,912
309,USER_ROLE,983
310,ADMIN_ROLE,40
311,ADMIN_ROLE,601
312,USER_ROLE,206
313,USER_ROLE,961
314,ADMIN_ROLE,330
315,USER_ROLE,873
316,USER_ROLE,965
317,ADMIN_ROLE,375
318,ADMIN_ROLE,360
319,USER_ROLE,895
320,ADMIN_ROLE,377
321,ADMIN_ROLE,135
322,ADMIN_ROLE,972
323,USER_ROLE,340
324,ADMIN_ROLE,451
325,USER_ROLE,292
326,USER_ROLE,109
327,ADMIN_ROLE,396
328,ADMIN_ROLE,178
329,USER_ROLE,247
330,ADMIN_ROLE,330
331,ADMIN_ROLE,656
332,ADMIN_ROLE,2
333,ADMIN_ROLE,605
334,ADMIN_ROLE,243
335,USER_ROLE,704
336,ADMIN_ROLE,802
337,ADMIN_ROLE,128
338,USER_ROLE,186
339,USER_ROLE,330
340,USER_ROLE,763
341,USER_ROLE,770
342,ADMIN_ROLE,774
343,ADMIN_ROLE,391
344,ADMIN_ROLE,870
345,USER_ROLE,63
346,ADMIN_ROLE,126
347,ADMIN_ROLE,14
348,USER_ROLE,849
349,USER_ROLE,660
350,USER_ROLE,284
351,USER_ROLE,667
352,ADMIN_ROLE,542
353,ADMIN_ROLE,478
354,ADMIN_ROLE,691
355,ADMIN_ROLE,518
356,ADMIN_ROLE,192
357,USER_ROLE,146
358,USER_ROLE,464
359,USER_ROLE,330
360,ADMIN_ROLE,920
361,USER_ROLE,323
362,ADMIN_ROLE,545
363,ADMIN_ROLE,143
364,ADMIN_ROLE,377
365,USER_ROLE,418
366,USER_ROLE,512
367,ADMIN_ROLE,298
368,ADMIN_ROLE,117
369,ADMIN_ROLE,680
370,ADMIN_ROLE,157
371,USER_ROLE,239
372,USER_ROLE,830
373,ADMIN_ROLE,600
374,USER_ROLE,467
375,ADMIN_ROLE,808
376,ADMIN_ROLE,618
377,ADMIN_ROLE,254
378,ADMIN_ROLE,704
379,ADMIN_ROLE,755
380,USER_ROLE,153
381,USER_ROLE,730
382,ADMIN_ROLE,862
383,ADMIN_ROLE,215
384,USER_ROLE,957
385,ADMIN_ROLE,227
386,USER_ROLE,363
387,ADMIN_ROLE,341
388,USER_ROLE,939
389,ADMIN_ROLE,21
390,ADMIN_ROLE,662
391,ADMIN_ROLE,371
392,ADMIN_ROLE,234
393,ADMIN_ROLE,94
394,USER_ROLE,207
395,ADMIN_ROLE,769
396,ADMIN_ROLE,428
397,ADMIN_ROLE,183
398,USER_ROLE,482
399,ADMIN_ROLE,920
400,ADMIN_ROLE,585
401,ADMIN_ROLE,543
402,USER_ROLE,762
403,USER_ROLE,71
404,ADMIN_ROLE,611
405,USER_ROLE,42
406,USER_ROLE,971
407,ADMIN_ROLE,891
408,ADMIN_ROLE,839
409,USER_ROLE,765
410,ADMIN_ROLE,948
411,ADMIN_ROLE,895
412,USER_ROLE,752
413,ADMIN_ROLE,941
414,USER_ROLE,304
415,USER_ROLE,967
416,ADMIN_ROLE,516
417,ADMIN_ROLE,703
418,ADMIN_ROLE,45
419,USER_ROLE,978
420,USER_ROLE,830
421,USER_ROLE,949
422,USER_ROLE,262
423,ADMIN_ROLE,290
424,USER_ROLE,846
425,USER_ROLE,861
426,USER_ROLE,850
427,USER_ROLE,339
428,ADMIN_ROLE,251
429,USER_ROLE,523
430,USER_ROLE,73
431,USER_ROLE,314
432,ADMIN_ROLE,339
433,USER_ROLE,572
434,ADMIN_ROLE,387
435,ADMIN_ROLE,492
436,USER_ROLE,817
437,USER_ROLE,882
438,USER_ROLE,889
439,ADMIN_ROLE,975
440,ADMIN_ROLE,556
441,ADMIN_ROLE,631
442,ADMIN_ROLE,697
443,ADMIN_ROLE,588
444,ADMIN_ROLE,496
445,USER_ROLE,748
446,USER_ROLE,706
447,USER_ROLE,534
448,ADMIN_ROLE,789
449,ADMIN_ROLE,2
450,ADMIN_ROLE,48
451,USER_ROLE,928
452,USER_ROLE,28
453,ADMIN_ROLE,666
454,ADMIN_ROLE,776
455,USER_ROLE,690
456,ADMIN_ROLE,246
457,ADMIN_ROLE,267
458,ADMIN_ROLE,505
459,ADMIN_ROLE,355
460,USER_ROLE,636
461,ADMIN_ROLE,77
462,USER_ROLE,124
463,ADMIN_ROLE,575
464,USER_ROLE,807
465,ADMIN_ROLE,666
466,ADMIN_ROLE,448
467,USER_ROLE,803
468,USER_ROLE,130
469,USER_ROLE,484
470,ADMIN_ROLE,812
471,USER_ROLE,817
472,ADMIN_ROLE,41
473,ADMIN_ROLE,450
474,USER_ROLE,153
475,ADMIN_ROLE,766
476,USER_ROLE,244
477,USER_ROLE,44
478,ADMIN_ROLE,269
479,ADMIN_ROLE,58
480,ADMIN_ROLE,397
481,ADMIN_ROLE,281
482,USER_ROLE,835
483,ADMIN_ROLE,246
484,USER_ROLE,480
485,USER_ROLE,196
486,ADMIN_ROLE,295
487,USER_ROLE,394
488,ADMIN_ROLE,409
489,ADMIN_ROLE,904
490,ADMIN_ROLE,793
491,USER_ROLE,625
492,USER_ROLE,761
493,ADMIN_ROLE,78
494,USER_ROLE,794
495,USER_ROLE,35
496,USER_ROLE,202
497,USER_ROLE,132
498,ADMIN_ROLE,614
499,ADMIN_ROLE,664
500,USER_ROLE,829
501,USER_ROLE,40
502,ADMIN_ROLE,730
503,USER_ROLE,960
504,USER_ROLE,83
505,ADMIN_ROLE,60
506,ADMIN_ROLE,576
507,ADMIN_ROLE,975
508,ADMIN_ROLE,156
509,USER_ROLE,636
510,ADMIN_ROLE,837
511,ADMIN_ROLE,716
512,USER_ROLE,275
513,USER_ROLE,237
514,ADMIN_ROLE,318
515,ADMIN_ROLE,475
516,ADMIN_ROLE,983
517,ADMIN_ROLE,252
518,ADMIN_ROLE,971
519,ADMIN_ROLE,991
520,ADMIN_ROLE,125
521,USER_ROLE,933
522,USER_ROLE,772
523,ADMIN_ROLE,531
524,ADMIN_ROLE,331
525,USER_ROLE,365
526,USER_ROLE,392
527,ADMIN_ROLE,343
528,USER_ROLE,609
529,USER_ROLE,834
530,USER_ROLE,386
531,USER_ROLE,739
532,USER_ROLE,593
533,USER_ROLE,496
534,USER_ROLE,195
535,ADMIN_ROLE,613
536,ADMIN_ROLE,615
537,ADMIN_ROLE,440
538,ADMIN_ROLE,635
539,USER_ROLE,614
540,USER_ROLE,347
541,USER_ROLE,319
542,ADMIN_ROLE,513
543,USER_ROLE,740
544,USER_ROLE,349
545,ADMIN_ROLE,562
546,USER_ROLE,259
547,ADMIN_ROLE,889
548,USER_ROLE,140
549,USER_ROLE,821
550,USER_ROLE,992
551,ADMIN_ROLE,637
552,ADMIN_ROLE,136
553,ADMIN_ROLE,628
554,USER_ROLE,105
555,USER_ROLE,265
556,ADMIN_ROLE,705
557,ADMIN_ROLE,121
558,USER_ROLE,503
559,USER_ROLE,968
560,ADMIN_ROLE,16
561,USER_ROLE,532
562,USER_ROLE,715
563,USER_ROLE,811
564,ADMIN_ROLE,50
565,USER_ROLE,357
566,USER_ROLE,849
567,ADMIN_ROLE,803
568,ADMIN_ROLE,168
569,USER_ROLE,365
570,USER_ROLE,104
571,USER_ROLE,651
572,USER_ROLE,89
573,ADMIN_ROLE,394
574,USER_ROLE,462
575,USER_ROLE,904
576,USER_ROLE,870
577,USER_ROLE,764
578,ADMIN_ROLE,102
579,USER_ROLE,437
580,ADMIN_ROLE,788
581,ADMIN_ROLE,628
582,ADMIN_ROLE,967
583,USER_ROLE,845
584,USER_ROLE,60
585,USER_ROLE,242
586,ADMIN_ROLE,333
587,USER_ROLE,748
588,ADMIN_ROLE,153
589,ADMIN_ROLE,82
590,ADMIN_ROLE,195
591,ADMIN_ROLE,285
592,USER_ROLE,498
593,USER_ROLE,71
594,ADMIN_ROLE,126
595,USER_ROLE,987
596,ADMIN_ROLE,146
597,USER_ROLE,246
598,ADMIN_ROLE,142
599,ADMIN_ROLE,879
600,ADMIN_ROLE,517
601,ADMIN_ROLE,440
602,ADMIN_ROLE,95
603,USER_ROLE,147
604,ADMIN_ROLE,459
605,USER_ROLE,918
606,ADMIN_ROLE,254
607,ADMIN_ROLE,803
608,ADMIN_ROLE,284
609,ADMIN_ROLE,776
610,USER_ROLE,53
611,USER_ROLE,685
612,ADMIN_ROLE,129
613,USER_ROLE,211
614,ADMIN_ROLE,619
615,USER_ROLE,564
616,ADMIN_ROLE,578
617,USER_ROLE,140
618,USER_ROLE,140
619,ADMIN_ROLE,851
620,ADMIN_ROLE,75
621,USER_ROLE,431
622,USER_ROLE,62
623,USER_ROLE,332
624,USER_ROLE,216
625,USER_ROLE,465
626,ADMIN_ROLE,604
627,USER_ROLE,987
628,USER_ROLE,538
629,ADMIN_ROLE,102
630,USER_ROLE,205
631,ADMIN_ROLE,157
632,USER_ROLE,121
633,ADMIN_ROLE,872
634,ADMIN_ROLE,782
635,USER_ROLE,775
636,USER_ROLE,650
637,ADMIN_ROLE,76
638,USER_ROLE,309
639,USER_ROLE,927
640,USER_ROLE,402
641,USER_ROLE,748
642,ADMIN_ROLE,760
643,USER_ROLE,429
644,ADMIN_ROLE,249
645,USER_ROLE,73
646,ADMIN_ROLE,339
647,USER_ROLE,645
648,ADMIN_ROLE,500
649,ADMIN_ROLE,712
650,USER_ROLE,484
651,USER_ROLE,917
652,USER_ROLE,906
653,USER_ROLE,415
654,USER_ROLE,738
655,USER_ROLE,136
656,ADMIN_ROLE,166
657,ADMIN_ROLE,386
658,USER_ROLE,175
659,USER_ROLE,838
660,USER_ROLE,165
661,ADMIN_ROLE,508
662,USER_ROLE,52
663,USER_ROLE,68
664,ADMIN_ROLE,144
665,USER_ROLE,617
666,ADMIN_ROLE,535
667,ADMIN_ROLE,636
668,USER_ROLE,755
669,USER_ROLE,319
670,USER_ROLE,190
671,ADMIN_ROLE,609
672,USER_ROLE,98
673,USER_ROLE,163
674,ADMIN_ROLE,884
675,USER_ROLE,197
676,USER_ROLE,637
677,USER_ROLE,562
678,USER_ROLE,190
679,USER_ROLE,74
680,ADMIN_ROLE,588
681,ADMIN_ROLE,423
682,USER_ROLE,445
683,ADMIN_ROLE,307
684,ADMIN_ROLE,964
685,USER_ROLE,552
686,ADMIN_ROLE,760
687,USER_ROLE,370
688,ADMIN_ROLE,487
689,USER_ROLE,987
690,ADMIN_ROLE,408
691,ADMIN_ROLE,598
692,USER_ROLE,837
693,USER_ROLE,815
694,ADMIN_ROLE,467
695,ADMIN_ROLE,935
696,USER_ROLE,681
697,USER_ROLE,123
698,USER_ROLE,531
699,USER_ROLE,929
700,USER_ROLE,17
701,ADMIN_ROLE,224
702,ADMIN_ROLE,641
703,USER_ROLE,842
704,USER_ROLE,643
705,USER_ROLE,350
706,ADMIN_ROLE,708
707,ADMIN_ROLE,221
708,ADMIN_ROLE,319
709,USER_ROLE,182
710,USER_ROLE,173
711,USER_ROLE,895
712,ADMIN_ROLE,848
713,USER_ROLE,137
714,USER_ROLE,818
715,USER_ROLE,595
716,USER_ROLE,753
717,USER_ROLE,709
718,ADMIN_ROLE,260
719,ADMIN_ROLE,384
720,USER_ROLE,270
721,USER_ROLE,595
722,ADMIN_ROLE,856
723,USER_ROLE,825
724,USER_ROLE,104
725,USER_ROLE,255
726,ADMIN_ROLE,920
727,ADMIN_ROLE,605
728,ADMIN_ROLE,370
729,USER_ROLE,278
730,USER_ROLE,516
731,ADMIN_ROLE,742
732,ADMIN_ROLE,861
733,ADMIN_ROLE,351
734,USER_ROLE,717
735,ADMIN_ROLE,364
736,ADMIN_ROLE,781
737,USER_ROLE,941
738,ADMIN_ROLE,739
739,ADMIN_ROLE,539
740,ADMIN_ROLE,133
741,USER_ROLE,813
742,ADMIN_ROLE,808
743,USER_ROLE,654
744,ADMIN_ROLE,93
745,ADMIN_ROLE,203
746,USER_ROLE,593
747,ADMIN_ROLE,434
748,ADMIN_ROLE,18
749,USER_ROLE,983
750,USER_ROLE,294
751,USER_ROLE,681
752,ADMIN_ROLE,449
753,ADMIN_ROLE,773
754,USER_ROLE,708
755,ADMIN_ROLE,966
756,ADMIN_ROLE,925
757,ADMIN_ROLE,958
758,ADMIN_ROLE,893
759,USER_ROLE,880
760,ADMIN_ROLE,191
761,ADMIN_ROLE,613
762,USER_ROLE,664
763,USER_ROLE,863
764,USER_ROLE,236
765,ADMIN_ROLE,743
766,USER_ROLE,2
767,ADMIN_ROLE,713
768,ADMIN_ROLE,437
769,ADMIN_ROLE,946
770,ADMIN_ROLE,660
771,USER_ROLE,428
772,ADMIN_ROLE,625
773,USER_ROLE,558
774,ADMIN_ROLE,265
775,USER_ROLE,646
776,USER_ROLE,103
777,USER_ROLE,890
778,USER_ROLE,787
779,ADMIN_ROLE,694
780,USER_ROLE,315
781,ADMIN_ROLE,842
782,USER_ROLE,784
783,USER_ROLE,509
784,ADMIN_ROLE,19
785,USER_ROLE,64
786,ADMIN_ROLE,144
787,USER_ROLE,599
788,USER_ROLE,560
789,USER_ROLE,642
790,ADMIN_ROLE,71
791,USER_ROLE,71
792,USER_ROLE,640
793,USER_ROLE,489
794,ADMIN_ROLE,909
795,USER_ROLE,688
796,ADMIN_ROLE,936
797,USER_ROLE,38
798,USER_ROLE,590
799,USER_ROLE,496
800,ADMIN_ROLE,244
801,USER_ROLE,72
802,USER_ROLE,547
803,ADMIN_ROLE,333
804,ADMIN_ROLE,427
805,USER_ROLE,976
806,USER_ROLE,45
807,USER_ROLE,423
808,ADMIN_ROLE,466
809,ADMIN_ROLE,289
810,ADMIN_ROLE,444
811,USER_ROLE,524
812,USER_ROLE,759
813,USER_ROLE,929
814,ADMIN_ROLE,848
815,ADMIN_ROLE,134
816,USER_ROLE,853
817,ADMIN_ROLE,161
818,ADMIN_ROLE,869
819,ADMIN_ROLE,146
820,USER_ROLE,169
821,ADMIN_ROLE,172
822,ADMIN_ROLE,803
823,ADMIN_ROLE,824
824,USER_ROLE,684
825,ADMIN_ROLE,918
826,USER_ROLE,594
827,ADMIN_ROLE,693
828,ADMIN_ROLE,53
829,USER_ROLE,813
830,ADMIN_ROLE,420
831,ADMIN_ROLE,901
832,ADMIN_ROLE,941
833,ADMIN_ROLE,135
834,USER_ROLE,897
835,USER_ROLE,825
836,ADMIN_ROLE,298
837,ADMIN_ROLE,72
838,USER_ROLE,950
839,USER_ROLE,558
840,ADMIN_ROLE,554
841,ADMIN_ROLE,221
842,ADMIN_ROLE,882
843,USER_ROLE,889
844,USER_ROLE,153
845,USER_ROLE,692
846,USER_ROLE,494
847,USER_ROLE,355
848,ADMIN_ROLE,144
849,USER_ROLE,638
850,ADMIN_ROLE,556
851,ADMIN_ROLE,196
852,ADMIN_ROLE,222
853,USER_ROLE,694
854,ADMIN_ROLE,118
855,USER_ROLE,631
856,ADMIN_ROLE,174
857,USER_ROLE,328
858,USER_ROLE,131
859,ADMIN_ROLE,376
860,ADMIN_ROLE,836
861,USER_ROLE,201
862,USER_ROLE,800
863,USER_ROLE,695
864,USER_ROLE,482
865,USER_ROLE,862
866,USER_ROLE,367
867,USER_ROLE,23
868,ADMIN_ROLE,756
869,USER_ROLE,105
870,USER_ROLE,993
871,ADMIN_ROLE,133
872,USER_ROLE,3
873,USER_ROLE,891
874,ADMIN_ROLE,955
875,ADMIN_ROLE,666
876,USER_ROLE,141
877,USER_ROLE,482
878,ADMIN_ROLE,574
879,ADMIN_ROLE,591
880,ADMIN_ROLE,212
881,USER_ROLE,143
882,USER_ROLE,598
883,USER_ROLE,4
884,USER_ROLE,375
885,USER_ROLE,749
886,USER_ROLE,44
887,USER_ROLE,232
888,ADMIN_ROLE,553
889,USER_ROLE,626
890,USER_ROLE,746
891,USER_ROLE,480
892,ADMIN_ROLE,799
893,USER_ROLE,382
894,USER_ROLE,531
895,ADMIN_ROLE,70
896,ADMIN_ROLE,875
897,USER_ROLE,114
898,ADMIN_ROLE,36
899,USER_ROLE,596
900,ADMIN_ROLE,831
901,ADMIN_ROLE,227
902,USER_ROLE,357
903,ADMIN_ROLE,907
904,ADMIN_ROLE,284
905,ADMIN_ROLE,937
906,USER_ROLE,430
907,USER_ROLE,636
908,USER_ROLE,563
909,ADMIN_ROLE,194
910,ADMIN_ROLE,56
911,USER_ROLE,849
912,ADMIN_ROLE,932
913,ADMIN_ROLE,865
914,USER_ROLE,401
915,ADMIN_ROLE,378
916,USER_ROLE,590
917,ADMIN_ROLE,967
918,ADMIN_ROLE,764
919,ADMIN_ROLE,278
920,USER_ROLE,227
921,USER_ROLE,945
922,USER_ROLE,303
923,USER_ROLE,289
924,USER_ROLE,165
925,ADMIN_ROLE,113
926,ADMIN_ROLE,165
927,USER_ROLE,843
928,USER_ROLE,669
929,USER_ROLE,115
930,ADMIN_ROLE,472
931,ADMIN_ROLE,104
932,ADMIN_ROLE,280
933,USER_ROLE,365
934,ADMIN_ROLE,834
935,ADMIN_ROLE,574
936,ADMIN_ROLE,848
937,USER_ROLE,170
938,USER_ROLE,565
939,ADMIN_ROLE,816
940,USER_ROLE,296
941,USER_ROLE,854
942,ADMIN_ROLE,824
943,ADMIN_ROLE,60
944,ADMIN_ROLE,375
945,USER_ROLE,288
946,ADMIN_ROLE,516
947,ADMIN_ROLE,412
948,USER_ROLE,241
949,ADMIN_ROLE,38
950,USER_ROLE,905
951,ADMIN_ROLE,878
952,USER_ROLE,272
953,USER_ROLE,110
954,USER_ROLE,546
955,USER_ROLE,849
956,USER_ROLE,188
957,ADMIN_ROLE,687
958,USER_ROLE,852
959,USER_ROLE,169
960,ADMIN_ROLE,826
961,USER_ROLE,364
962,ADMIN_ROLE,293
963,ADMIN_ROLE,834
964,ADMIN_ROLE,328
965,ADMIN_ROLE,675
966,USER_ROLE,421
967,USER_ROLE,720
968,ADMIN_ROLE,404
969,ADMIN_ROLE,866
970,ADMIN_ROLE,127
971,USER_ROLE,603
972,ADMIN_ROLE,403
973,USER_ROLE,895
974,ADMIN_ROLE,976
975,USER_ROLE,778
976,ADMIN_ROLE,714
977,ADMIN_ROLE,102
978,ADMIN_ROLE,357
979,USER_ROLE,560
980,USER_ROLE,307
981,ADMIN_ROLE,33
982,ADMIN_ROLE,22
983,USER_ROLE,664
984,ADMIN_ROLE,371
985,USER_ROLE,334
986,USER_ROLE,231
987,USER_ROLE,713
988,ADMIN_ROLE,324
989,ADMIN_ROLE,640
990,USER_ROLE,507
991,ADMIN_ROLE,709
992,ADMIN_ROLE,5
993,USER_ROLE,127
994,USER_ROLE,89
995,ADMIN_ROLE,26
996,USER_ROLE,49
997,ADMIN_ROLE,749
998,USER_ROLE,521
999,ADMIN_ROLE,96
1000,USER_ROLE,881
