id,username,password,is_account_non_expired,is_account_non_locked,is_credentials_non_expired,is_enabled,customer_id
1,gbeckinsall0,$2a$04$/nJ1zJPYBrMUfcGsKoTe.OlW45ZmxGP4SA3rhTZZT8m0dnAdv9nMG,true,true,true,true,394
2,mbrierly1,$2a$04$9y0TC0VBWU.iCEFkOd68Z.ovHK3GMh.DLE09dKoAtkhHTcfVZUUGG,true,true,true,true,206
3,sjedrzejczyk2,$2a$04$k4KCulbdA1PAerMlBPhKLuZA96B51WJKROL5rlw13TI2PZ4MVPBle,true,true,true,true,742
4,dmarklin3,$2a$04$EWDnY7J7tQDI9y6BRBYLrO9n0pGLLHoR43wM.8fJosvRvlJsVQnpS,true,true,true,true,793
5,eossipenko4,$2a$04$XUj.qtmidbfHqGwO/zFoTexOVKVLb.b2XypofCBPIZWON2Pwc3LBa,true,true,true,true,796
6,eallinson5,$2a$04$/68Q5ODdgz.6gammkcXTve/z8CxPFaGdk8od0bX52YuFVsNzZyLB6,true,true,true,true,27
7,nbalding6,$2a$04$uYp0gmZmQhnJTSyFKCdxA.8VL6b9NQ4.desBVFMOb7cOFIILHvthO,true,true,true,true,152
8,pcopp7,$2a$04$9kG6i67DggB5rl4TP3jYfessEr.pipjKccC9iuqtYqb2uQCpd.bsq,true,true,true,true,759
9,kranahan8,$2a$04$4XHxrOyoU/tuh1LoPzDP6uVfBMbSWQ4tVfQ/itfLEA6nLzrYBgQiG,true,true,true,true,601
10,singerfield9,$2a$04$SEHv6oMSkJmS9tG23i.DTulod200zweDLrA6HLxO1bkJ8Xs1Vno..,true,true,true,true,566
11,anussgena,$2a$04$dfbP0RbXPsQASX18y4Qki.y12u7jEhYNeBlOAHLyuoJj6mcy27HI2,true,true,true,true,473
12,agermanb,$2a$04$QBoT85yV0/0mzdIDw0KKzeph5oZ8kxWsVIMMl9oQoFSEBCfKLzXve,true,true,true,true,401
13,hkiffinc,$2a$04$GjRhvWcxeX0silB7Lhe2pu4h0aoKZma0AQd0IHk3arODcAcHoKHlC,true,true,true,true,833
14,pkirmand,$2a$04$LwhdyaO9ev64g8uToX35euiO4gUGWnMpjv8w7.fEjTsDDtsIUjY.y,true,true,true,true,635
15,kandreie,$2a$04$zLwthoxZsWDZACuucHiPneVmaZSv46V6cVnSaf3iGjySJvo8kJAVi,true,true,true,true,915
16,esiddellf,$2a$04$ayeXlEI9sj5OLtBUUP.7aO7dMb2ghIxznj0QznbOivsCzCOBdiO.G,true,true,true,true,459
17,sfantoneg,$2a$04$S8oW/35/T/5xvQKBjp4xG.PEa4tbE0YRWCDp/VFSFWRt7/kewi5/C,true,true,true,true,461
18,rstendellh,$2a$04$CCjudDGvSWP5MAIv0UwY/u4hZ81SNrbTF0.sSNsMMMCHcngN1v9Cm,true,true,true,true,789
19,smilsteadi,$2a$04$PhvtMt33PK.6GDrtsumAHerE0dsNPDZnCRmlFsCKeNji8cQQjUiRK,true,true,true,true,154
20,chadgkissj,$2a$04$L15iP0jYLUKzwYChKHbTzujM9RYhLKwKQ1htisRXWelo1QS4zJ53C,true,true,true,true,129
21,hrowberryk,$2a$04$Vk9TBLd/uKZ0zStoTPsq/.dXMH8ltAfEXs.EgJztBJGozChbI8JfW,true,true,true,true,62
22,cpapezl,$2a$04$46ylwQsDeLirmL6FWN7nCu8YHmzokAMb3o1iu7vug78Pxgti4vKK6,true,true,true,true,393
23,hbormanm,$2a$04$7w0Tg6../vuplMvTuHVg3.Fdx1RakS/efuXU5q062cGQCslSM/yB6,true,true,true,true,96
24,dvassmann,$2a$04$9Wv1ofd/i6m6CH.qJspS.OU47H8kPpkWLAZQu1vaL/3dkVS82.FHa,true,true,true,true,130
25,givanchovo,$2a$04$K6YrCOjPEQsCM1TdtTZGrOh6Sv6MBVYMQMtvhElChgWMr6DCP8Sba,true,true,true,true,78
26,ntrottp,$2a$04$x4d8Q6KV0zD.h4OB4ntp8ejlBRiAQo1dYu3MH5DDrSxogviIWo2HG,true,true,true,true,552
27,mhanwellq,$2a$04$lDxRcIzPs8TNVhTDjBiEr.QFsEe.UiXshcJEEs2bX8ziw1Zhmp4by,true,true,true,true,816
28,hgabottir,$2a$04$58S4rt12/eBWC6IEHju6HeI8rFDE69qe9J2jZPpWW8yaDJ6e.TXmi,true,true,true,true,858
29,csimonetons,$2a$04$zzvAIwAil63fGybJmfaZv.n2qIOehzSkAuHR2VXi5M.45V8YVOTv2,true,true,true,true,286
30,mshebert,$2a$04$0q0Mmb4WklCv4Lt.LR9vwelmlBXk1NR/CDECfGCmKxi/QwRqjZ.mW,true,true,true,true,647
31,druckhardu,$2a$04$u/3VVaMW7F3gLBQwe14W6OGlUEBWcxdZ5QeQikkfRTco1p79hfV2q,true,true,true,true,411
32,zmctrustriev,$2a$04$bL1.HRlj4xpR/ee/QfzFuekAoyjClf0RApIbZCz6.JEa9zSVQ9Tua,true,true,true,true,427
33,cabramw,$2a$04$zz2nfJLjB/piaILxBgzo6OeY.MSqtWMkaoLAEauERZIZrLAlwhwou,true,true,true,true,613
34,lspurgeonx,$2a$04$Z.1yTE8uYjHDjaRYER9Dv.NLI6QQ5nmhY0cWs4yiXelLBqHYMVaS.,true,true,true,true,852
35,owigzelly,$2a$04$qPQY67xaSB5/G8lI9llIjuUSZzH7roFM0hMENpPcUgW07lRQgQ8eq,true,true,true,true,187
36,tmartinetsz,$2a$04$sJ1Jr.cb3pUY7qCgXdo8weKFymG8RjIeLB8GSwAnqDU8rrla3.MQu,true,true,true,true,126
37,ftopliss10,$2a$04$VlPChbN6uwAsDd89REjBk.jeQG1mPGQd.SKpDdmAbIln0oy1Bwvvq,true,true,true,true,88
38,mgallahue11,$2a$04$Yyi7S4ArckCXt.6xZ/qmZ.aLiDvqYmFMDFQp3dwm6PvnxvD6wfsN2,true,true,true,true,198
39,dsaylor12,$2a$04$vtVkAPSfoYe2fa2d2n4q5uIcf6TN3.2QabadMUT5Ql.YMj30uZQzK,true,true,true,true,462
40,mandryunin13,$2a$04$CZg9M0TL008Ad.robIAPJ.kZ4CdKVnCQTNw936grNEUfgHClp4pbS,true,true,true,true,181
41,cluty14,$2a$04$KaJOCb3ROnBZ5vTgLtbtpOoDMgCmW9Zg7Yer4eVMBmYb9K8pXGGMG,true,true,true,true,681
42,wdunmore15,$2a$04$/sW4IfZiF53Bz2axlRIFQOl/kYHj9eEy1Uv0HIxLc8YkDjv0KR8He,true,true,true,true,378
43,jgyford16,$2a$04$6Ft.gwlM9St4QTgORfYSV.iY8EXkgjaswg/uPAPnt0nciJiwFjxG6,true,true,true,true,204
44,mepine17,$2a$04$jhK6ai3CcyklaORbRzqckeToCJ2WcNHSfziOm/Mpk26iZnXySeIim,true,true,true,true,287
45,amaryman18,$2a$04$Xm9V78xqjrha8Ngz7i1r2.gAJgoI1j.JSvukT3ZGs5SYCeIQUjDF2,true,true,true,true,887
46,dflinders19,$2a$04$ASXIBZOX0vIHO.fy9Q6M2eBX9LCSM2hKRaJELWirdaxF3LLZN4dba,true,true,true,true,629
47,gmccoish1a,$2a$04$bP2TPpvBxXwnCdwMiQuXm.PWHB6YEedanNk7O7mEyCJMQPHpgqkcK,true,true,true,true,237
48,bgrabiec1b,$2a$04$z65WOROMCBwtguHw/ogZ0eGS2grNpS.czGXNnw4WFFdZc1oPA3Yn2,true,true,true,true,280
49,dgingle1c,$2a$04$hrtuD.uENYk9u8B1KCFiMeDbzSlyDZWl/saCyFDMZ/wCedBA328xe,true,true,true,true,594
50,ralgore1d,$2a$04$troG8tZ4Si8DlEA0zqLx8e5/98UFRNTB51IHi88SkMaL0Jy46Kdke,true,true,true,true,139
51,etimmens1e,$2a$04$6igvcXaCPK38FH58Zr.uKud4PYjm23PNmBVX2sWT/H2Ty/StFHNom,true,true,true,true,875
52,afutcher1f,$2a$04$.CMXH4s9bVRGjVOGagF.lOLzA7g0YWycZkQRGDqICSIFh7zs0Rywu,true,true,true,true,657
53,bfurlong1g,$2a$04$Jkk9Z6h7fhRPFgE1XqjLZOuypHgRPt5wOGU.yIwgjjfnmTzFaFsKG,true,true,true,true,84
54,rnavein1h,$2a$04$CpwiYCOyRifaJ9Qf7Wp1U.hKoG28AdYB6mNGVlxH9ZNvdWBMDuAdW,true,true,true,true,779
55,rwiddows1i,$2a$04$FWY1m7A1FMbdjQBmZAdNHuyiWHxiQ4htenQ/.EuqcosavelGqL.Ju,true,true,true,true,72
56,bwickardt1j,$2a$04$l9f0SPYx/iipz6R3nx9sFuUmP/UfH6lXU7ApSo3GK78XQ7abShimG,true,true,true,true,255
57,ooloshkin1k,$2a$04$A8GWk0kw0KBrJMQw7HHI0OWDi7.YhA6qQpWg89K9ZHoMRoPHvff2u,true,true,true,true,716
58,lbeaglehole1l,$2a$04$MnwtnNINvD4dUtQuBEAu3uwoxblYPfYWvqFiF0aqpEEGHzBgcRtw2,true,true,true,true,673
59,npostins1m,$2a$04$qgKUnlHYsBN8UE9TpFOeD.0MSHTts5EBz/le4q3d08lhDPTgEJzp.,true,true,true,true,816
60,rmanhare1n,$2a$04$xJpjMR.ZWkBbCdZYOehzU.9Z6a3MQ0Ft7/3WojMRm7JgAl620OBtG,true,true,true,true,230
61,rcuphus1o,$2a$04$wkHhCsUlJSNGq1B5OlZ7/u.mFcjLI4sXcJLeZk99l.CcYEX526G3q,true,true,true,true,489
62,kdunnaway1p,$2a$04$DtDbRLntg2xRCxqoYy1WrONkh8VzA1xs4A3x77/9chQr.3yWXnM.C,true,true,true,true,426
63,scayle1q,$2a$04$RsS9z9gdVUiBighOAaSZhu0JtsadoFLtJVR1q.9VEf/H6Nu4JUpsu,true,true,true,true,321
64,gmackilroe1r,$2a$04$DwljxSh9tBAkqYSp0FsWCOyxoT9qNoVVnIjcAq/8qCxjn7okABNUq,true,true,true,true,550
65,falner1s,$2a$04$9psoY.8ZKvN4p/TRKJeaY.098pkXlpcVZDjRZkLCe03Geo70Yhcmm,true,true,true,true,892
66,apalfrey1t,$2a$04$g4owtSwc6ijvfUsChL9cy.wF2rhezQvD9bBRlqFsJPGRu.goy1c9m,true,true,true,true,635
67,haristide1u,$2a$04$OiaNodaPcSx4pBhLbFFaiewxAJemLpdF2qo8FMleQdSvJqNDS4XJe,true,true,true,true,967
68,iblumire1v,$2a$04$3Dd/9UlXAU4vh1BZOKuEYuwO52H8CzC18vL6q5V8ixGnBeU0UOVS6,true,true,true,true,535
69,pyewdale1w,$2a$04$6y3Uxf8rmsi9xz8JEj4iSueFPkZLgYJ2RMNnr/Qt6YL2Bl5B0BN/W,true,true,true,true,877
70,ncordie1x,$2a$04$GL8ipnbliZTGZLsGXYY9deDgU9pZiuT7WOnkpxKtWN062pW.1sssa,true,true,true,true,543
71,moosthoutdevree1y,$2a$04$gkacBlUQcQlfznqNH3sQ/eaAC6EwXOEjU3laIaZJq5dLMQAuZHT3.,true,true,true,true,263
72,atrusslove1z,$2a$04$WyyFpWVcCpGqHb1R9/3EgeGX4KDwWGkZweP5IfV9TBM18/sfUudia,true,true,true,true,33
73,rlorent20,$2a$04$qeCOhTmbZ/tqjOI4hwsWOOUEto1W/mPw2bO8nqnrYyy55426TxExS,true,true,true,true,872
74,emacguiness21,$2a$04$3Szaeg.K8fr.NmqX7QInVeXNesHLqmXGzGDjvEIGBnEUcJniBw.bu,true,true,true,true,787
75,cfilipson22,$2a$04$6A.Te9Pf.oS9fuozsFALJeesKOf.poSmZQhXnF8plIEsAX1M.Fs0e,true,true,true,true,392
76,lhackey23,$2a$04$M3NgZ3w4eWdMcpIOIg5Doep9f97GHEH/s2CtZ3XH1lS0/bTBoQZxq,true,true,true,true,947
77,sfibbit24,$2a$04$HXisErcfUmjw248DFhbhne1B07ZcAPeThQF9S1H2ceUhlJYvQP.1S,true,true,true,true,431
78,gfarahar25,$2a$04$BlUWr.1eLM73kRjQ.WIg2ePgm5YLEWGmcmmqOqxuP2kCrx5KHOo6u,true,true,true,true,634
79,aasplen26,$2a$04$LaTxwlmQTtFVKcsmRvaxIuJYlgo5yI4DGLolCZn9o2VbEnrPC01sW,true,true,true,true,28
80,mjakubski27,$2a$04$wg2.Ungz2s50mF1g9aADMOe3jYMGANgPkOaADO5DD2PmDu7hYepBq,true,true,true,true,788
81,gtithecote28,$2a$04$DERWFgka/BWNunPF/iuXtObcPCkGYmt1Q6gNBMhoFibqqTFcIKvli,true,true,true,true,503
82,epaye29,$2a$04$EGZ.2ujo1Vl3GPUg54sLs.rZMswKDsJBazEAIIp34hn.fSPrjfZWu,true,true,true,true,744
83,kmattheis2a,$2a$04$fYaBO1S7Ud.4Pf7RR/Gaj.18oShQlfxttnpPlwpfBTbMh1/vyJfN.,true,true,true,true,661
84,kneads2b,$2a$04$K1F4OYr7M25gfSaipXddMeRRlgGR2qaWka1e0HWUYF/8HTXUWd32i,true,true,true,true,370
85,eselwyne2c,$2a$04$.Pc9YM3J0a81BFdWlv4UEe4RTgT9lbODDoEoBYOpsT.hZFpyWulOW,true,true,true,true,32
86,sbenes2d,$2a$04$itV4bLH.xajzgzdarJSbPevOULwvKPqHwdPhCYYms2RsDQR8OVUPG,true,true,true,true,571
87,vhoulworth2e,$2a$04$ctYOjLLCdxdnddANgqSjyu8Hux.kuOImF1Oz6tOBkQdb1pPzFX6ny,true,true,true,true,486
88,wadamolli2f,$2a$04$5SEIvQOq3Jyh/lncoG92SOcuLsN7GBqYcXqQQbTKZKDuseSmdutiG,true,true,true,true,215
89,wmuirhead2g,$2a$04$K4kwt0Pz3YB43pFmiHhY6.n4WvREaw4mB/coUtK2BVXWFEXV/Kq0y,true,true,true,true,571
90,mjorio2h,$2a$04$I90z0AU.ghrRwOYQ1/g6qumN7zfkj4v2jNUIQaN8Rp40xCGxn6Qoy,true,true,true,true,802
91,gcoakley2i,$2a$04$xmG6tgw5HbhnynVekLNSMer3OMtdZssj0jluMloOxzHdJn7pU5L.2,true,true,true,true,303
92,pgay2j,$2a$04$xE0FaCBTNVK/oMgMT2t8UuFXeXdekd55da2i/U6UnofVwbCPjLoEq,true,true,true,true,934
93,bchaperling2k,$2a$04$v8Mpro/zYwN5icnPcQx6Ee3kSS54upGGY5lOdR.EIbjmF1W8O3TLS,true,true,true,true,492
94,jsmorfit2l,$2a$04$jE2ofi0/IHVCmw6QWmBQG.ZybViVjYVkG1rrlMJYgwXcqom7NfLWm,true,true,true,true,21
95,acheshir2m,$2a$04$g40SfyyiHaar8VAQRbiGgO79EtcCkKMMqYHNsJPHiM/kpucDa0eVG,true,true,true,true,865
96,lcatonnet2n,$2a$04$ORAyYUoD3Hu/684Krh1yceWDRoSV1di0XKMrriQIgsjf7TK0syB5G,true,true,true,true,620
97,pdemitri2o,$2a$04$NJEOvk3Rj8mcCSjpGcRfU.kcVBrW/DbKyzHK6pRVbbsaLu0neHs8G,true,true,true,true,849
98,ndank2p,$2a$04$wqQ84hhkZtQaoT7VkwImEeXpjSfsjTYADR5qCJQGIwN6vLF1BUTqq,true,true,true,true,967
99,dpavelka2q,$2a$04$pY8f9MVloeBnrbwFknFCEOVn5L.FVUhwXdL9lzSD5xenCEPCkMox2,true,true,true,true,534
100,maherne2r,$2a$04$aERIApPf2fs9RSwwFh85huelZZokB4mjGQAEMedMFvLl0RQXO5Eyy,true,true,true,true,460
101,siwaszkiewicz2s,$2a$04$XxfIB9ccn9YlRbsD3teYRu57gorPwZOtMI7ZnqHnW0RvpqDY0r4m6,true,true,true,true,694
102,darchibald2t,$2a$04$qHeE071Mk50VEs0oMIH.KeZhNVqYm6hRDfW1e06bkj2Cr7tkn1et.,true,true,true,true,914
103,jbeavan2u,$2a$04$o9JnSaDVlnvXhANpE0H9uuvzIpFC4RZBMYGXdYPPIiNLRgX/j2.p6,true,true,true,true,619
104,dlimbourne2v,$2a$04$egLF6dy5p94qb.3XMvzt9.muDI8P.i9WjzSuoW7lNdcWIbdBBbdQe,true,true,true,true,557
105,ebudcock2w,$2a$04$zaP6Evv0WgCpL5gmLqxXvujQcsHvLcC6XEThnWXUfH0byV9gMjZKK,true,true,true,true,988
106,aturley2x,$2a$04$VIUA4dKOuv4yxYhWyPoVsubsaauW9h1VAVW5TiL/Gk2QaST9wej3e,true,true,true,true,155
107,bareles2y,$2a$04$d3FMuWGjZATFD85H/kiT6OD4rDde4kNFFkXuze638YmMqWpnkQJve,true,true,true,true,890
108,achitham2z,$2a$04$Ey8eMkfTbIoDneFBKCp8WOeo2pAh0AFtZU9A.xBLdPAdNd7LLI.LC,true,true,true,true,519
109,awaterstone30,$2a$04$40tsx0xasRda7HWKtoUb5OIPE2KZn2flfz7W/L1IrkEq7rVi.pp0G,true,true,true,true,67
110,egrundwater31,$2a$04$pxE.heCBTY1mFJtdLim5lON0IUrqX9NyePmsdAR0qK49iywRWYkeW,true,true,true,true,443
111,agisborne32,$2a$04$C33IIzTxXW/qLYngfMPR..DrUmdpaJbnrKTmMF1M3hIPCXpj9MzUS,true,true,true,true,367
112,bdrover33,$2a$04$reMl3X9uYYGfrtXWUcigMuO.LXrk9JlVlsMytFwkOw4MEv1dqFuwu,true,true,true,true,559
113,kmoscon34,$2a$04$NH/Mb.2fyG5iF8.y1VvUNum.1fkAhwSUaYfClCB2K5A4WmLYeY82S,true,true,true,true,184
114,gmcnern35,$2a$04$kzLp8fnlk5vWzn2QDUSGYefT7SqZHQH/Rrf.cf8d6XUhVtGVEKwAu,true,true,true,true,860
115,docurneen36,$2a$04$/5EWg8iVXfmr.NIF/LHp9uNM7IsYR4LR6KmSCbxSRu76yt12VqZ0K,true,true,true,true,936
116,gcubbino37,$2a$04$BuUj8hElDd0AggcaK7Yr/OCY0gk6QtgV9CL02wu9GatQXDsjYZfwK,true,true,true,true,594
117,lweatherley38,$2a$04$6OKGU7sLzwyoTeAcq3oVCuYRCoWJwh1rlafCnKejaZtJRC1erB9mu,true,true,true,true,346
118,kpurdey39,$2a$04$7eiD1QCREncwHXFK0qpemuuHKt9tFoWnzybzNtrAD0YbLWRWXmjMu,true,true,true,true,182
119,mdevericks3a,$2a$04$ZbkWu7MrOqCtEkhb34o6veTS6vdqW/pdBU4VP36poZCbN2tMpOZPW,true,true,true,true,652
120,divanchikov3b,$2a$04$2hWXZ9dOa5Ov50uAZgS8yeCDPEfBkkDbbKqq9JlvuQ08Mq0pND5cm,true,true,true,true,262
121,colahy3c,$2a$04$0.SHLF.reKLFUiM282yft.P9TDqINwcFd4qswLFOrqowRwC47m2xy,true,true,true,true,18
122,jduetsche3d,$2a$04$qSmAS3RoYXFAnhBhtUdgCeXP.WeE.HPR5H5VbA/aw.XgKpiwudjhi,true,true,true,true,156
123,cesposito3e,$2a$04$exbWLagPdqb0w19Aie0luuQvKRLPqZxeQaMg7ZONLccUldwYaSFC.,true,true,true,true,359
124,cgowenlock3f,$2a$04$Y9jJSoxjMzp9DG3WUy2L.ep5PiCA4R3GI8E6c/a3oCxQ4kPI5aJJe,true,true,true,true,994
125,odalyell3g,$2a$04$ZA7mZtQEPQAc.o8qrVDTjumiuEUcrjMRMGT1VZYbCiLlFmfccPJVe,true,true,true,true,204
126,glantiffe3h,$2a$04$1iZFJxvyjkHEcPy6MUACJO6USjAHx93drgK6JPKFb314c2kqH2H8K,true,true,true,true,118
127,cdibiagi3i,$2a$04$St8uaHiG/Vq1dZ4Lr/azVebpLG3Lg9R4mKWZ.wUDFhDbzOWNttQOa,true,true,true,true,176
128,pkembry3j,$2a$04$uv/GhGq1xUZcsBPDTY1kJuDNivhwzp4moX83ptv/Q21iORcVzokSy,true,true,true,true,951
129,mconfait3k,$2a$04$eOGSddbyrcaYmMq1EeS15uNsuMy3dDAr5NsrjcswNV198xBe/kS0q,true,true,true,true,235
130,atomkin3l,$2a$04$dv9vtksqc7aLw0ABfqTXSOt9vVQQtnDQCuJAJnOWBZy/JIE0skGOe,true,true,true,true,620
131,mcharrisson3m,$2a$04$n4/OD6TFse3wjg0dnn8TaOqiBvhK1Xl6DO4LN.1mc6BmOs72gouai,true,true,true,true,851
132,knatt3n,$2a$04$JU6wBQ21R84bMtSg9U3rUOL.UAWcPE8wt0mNV.ojkHdpcsqltTrRy,true,true,true,true,304
133,njosifovic3o,$2a$04$F.qN56MWIF7EXfEOHJRkYOQ4b6dD8YrLYqaXhT23Dw/E8T0AzUvVS,true,true,true,true,245
134,ebarsham3p,$2a$04$.7TkIPjqHV2G2YRa4o0VmuUPYRVKEqyV7MAUBZdEOntrx6r.WZDM2,true,true,true,true,954
135,dpanas3q,$2a$04$nvTJxBPp6aLD2vBqwo7eV.NLTzQlj6vYLTgSt14n3rxbbefbiodF6,true,true,true,true,969
136,rmulgrew3r,$2a$04$zIHT9yzVg/pIWkSaqnpJXOoXqOmiO7efWFkDqiRq6QYb61P7BwPqa,true,true,true,true,783
137,sluipold3s,$2a$04$h4QEBVzdAMwFM6rlhxvZlOoeIal7zaIiscwfzeiu4W5.teDZUTX2S,true,true,true,true,276
138,mpaolinelli3t,$2a$04$Rt3jO8lpr60B5FZUM.8qwu.CIypfgNfDDzNC8RhRHnKDv1nIWy7k6,true,true,true,true,977
139,aboutcher3u,$2a$04$RwyqH8DevWF2cEGb9c6Ra.MJd7GetV1b6Zn5FxqnqYKcmxXHvhvxi,true,true,true,true,44
140,jpalfrey3v,$2a$04$rDtieaimSs2R.7tIULYGb.gh.0Tlma7.6JB7hSZ.a2866kqkzdZQW,true,true,true,true,554
141,eimmings3w,$2a$04$onte9jDE6BALLBcmSlH/bOXVkW6BhMtIxAYsV/zLLAMMKIQZCBlla,true,true,true,true,172
142,abinns3x,$2a$04$r4HVcbyUxPdqv9C8bxfcteTC3o1NqRS0h7xCyUh5uyi79pe99IUoq,true,true,true,true,609
143,rmellers3y,$2a$04$Bgs2eG0W/p3q0HC.XHS38ObL6Xc3kLY9NuVcXFhYHxHyKu6RLdHPq,true,true,true,true,710
144,gturbill3z,$2a$04$VLEBa45GxFmuLLewzIxh7e8nGKDDFNz6s/Hiw2b8lB.2eDEgpczNy,true,true,true,true,6
145,tvel40,$2a$04$GHNiZi1juCllmjDtjYN9iuB2zAVAaEAi.CnV9ba7affGW4SBNiPry,true,true,true,true,506
146,amilburn41,$2a$04$3DgHa3fIIvTg.dlUJygRkO9XYbFMDb2RXDgK5aepgeRd7Q7QYN7/6,true,true,true,true,278
147,cwoodroofe42,$2a$04$AO2eK.CAtwq4VLj41s51B.ghpXVjTb1JrMRFJEtshF8HZQ34bENHy,true,true,true,true,445
148,cbiggerstaff43,$2a$04$aDSE.Ef0N4kZXqm6K4sD/.asupqwBCkAimTdmHEVl9dbLET9dfjlO,true,true,true,true,676
149,rarmand44,$2a$04$fl5LxlRCp8WMMzCpfkP9SuH5.gP.KT/YwRHYtoO8T.XKh5kxqs85O,true,true,true,true,544
150,ifareweather45,$2a$04$m7HPjZmda5EfT10ZrJ6XSOIin4E3jV4ovv1YPShxzCU5n9DQyjvOm,true,true,true,true,300
151,kridolfi46,$2a$04$p3W9D9.HdmggCc3GFSW5Gu79E42FwKCsrbbi3zziEbZCO4wnYuFHi,true,true,true,true,28
152,bstidever47,$2a$04$GeqOyvG27V0ZXRahAgBPM.TO5LlSWNzxq3rDjM6OAFQ08HIsRinAC,true,true,true,true,305
153,fsmolan48,$2a$04$13rpU2vD.hQKB29rqkmzK.r4PKgfiw31khtKqaOQcWIIYIYDjrz3u,true,true,true,true,167
154,acopnar49,$2a$04$ZjWjCtA/L5VF0EBlaEo4GuvK5VcqPccLuiPF93frRHCDlZpY.7KXe,true,true,true,true,611
155,jlewknor4a,$2a$04$4X5W69h.mRpUWzyFVo3L9OfiGwbhtvrcqXyEJfwFFCSjYjaDyHMh.,true,true,true,true,650
156,lpietruschka4b,$2a$04$ypz6cikgLP3c6AfZ1Xxp2eBkA6OvPPWFIqJzhkcOwROFbCeiJQqm2,true,true,true,true,818
157,pkuhn4c,$2a$04$.qOLoHC1dXlOmSbxJqXy.eQmYdIEbN/cTqYcBjXd0.LAs.W9t8X/K,true,true,true,true,270
158,rbaraja4d,$2a$04$rIrkYYDzerx0NXDT.aHk9eFNHayE0z6nRB/knwyqflCnyUn8AJJvy,true,true,true,true,406
159,hpavie4e,$2a$04$UrsFmsMIpipEr4aXUaM/eOn0O2TF/av8wmD5yEhhFJK3nu3VfE6LK,true,true,true,true,540
160,mkienlein4f,$2a$04$aFRa6vr6wtfDQhJ6PYX5AuL1NWTE2bvWdla6cB0vtK7.6htuwU3PK,true,true,true,true,91
161,hwarham4g,$2a$04$xfz9BvheYRgYoxcmxgmItualJllXnmYwfv6gvJTmQsLF9UowiqmuG,true,true,true,true,351
162,ssudddard4h,$2a$04$hqAZcXnVX8MlrNCU9B88je.FDas2QryBeKGoxmh1OmNpNceZ3vS96,true,true,true,true,535
163,ccrummey4i,$2a$04$jkrDjllXf/xg4hdxD7CCg.gDVJeJQ0BXBqedHB5B1S.xYEV78iUzq,true,true,true,true,739
164,ctumber4j,$2a$04$TcWEAoNn7LmUoypWZ33ln.HNa8xb/TQkEpg.HYV3Ua8XAblqWXlQK,true,true,true,true,117
165,tadam4k,$2a$04$qW8lHHSZY78O8S4vLqjHteYExGWluGyCD8OhSt5eEN.cWQ5u0AhtW,true,true,true,true,68
166,rminchell4l,$2a$04$a72g4ceY7S4ex1AUZxpym./TRLcLiu1jTyb93EeV6vUyYykGiUUiy,true,true,true,true,872
167,kgiacubbo4m,$2a$04$aGAa5JNWS5e08ut5mH0RIuEgf82vW1Gqdozx5wQzF6RzT1coD0siK,true,true,true,true,639
168,edyball4n,$2a$04$HKkk3ufRhhuzbw.oxSbYv.dAi3XgWhI3jFQ7yD60tewOsfiEIt.Fm,true,true,true,true,400
169,pklima4o,$2a$04$7WVTs4Dc9cB0sio2SUo7Nuoy2wFqkRYeji9YVGOR0U4VBLHlbca1y,true,true,true,true,868
170,jbenyon4p,$2a$04$HQmmZTnQ6o2tJSv49FRTI.6y9yWmm.qLTI9gYFGr3x50a5o.BMr4K,true,true,true,true,990
171,ashier4q,$2a$04$XmJIyr1TRIr5/9VR9WjY6uD4bPbcITsaJPJ1HfAdskiVovuANeKz6,true,true,true,true,689
172,lcopestick4r,$2a$04$rtOnNxxywOn.zx5ezRqgo.R/jPmaNDR7RxY4jWB6s/VwYtjiTgr9S,true,true,true,true,669
173,cmanby4s,$2a$04$K3JXQTXeNcNVHyNjRyJXvu/sKyhvSvvfIgyG/OxeGOGbZmo3Tr2we,true,true,true,true,948
174,tsmethurst4t,$2a$04$54G/MEBk3zQrI0GI8oFU6.jikp6PW8YkFC0m0YYzhdst2PktFk5w.,true,true,true,true,869
175,elockhead4u,$2a$04$Sq3IhPMg9jS68okprUHlyudaZBf/sMILfpSpNsR2EblhX7WI6ICRy,true,true,true,true,621
176,wdetloff4v,$2a$04$UpYUJH4DsQZE85Ebl.wrluiDLpOJJRWOD0PUpMuV8RHPBS4p7D/pq,true,true,true,true,553
177,fmanon4w,$2a$04$/agFVGRPqBVwrEYx91ePJOnx6BL.VEGplelh2PjCB7wKrebpv6c7i,true,true,true,true,111
178,wclaybourn4x,$2a$04$nx5cHQlZV.vej8c3dILqpOHhcIQilhzD8J4bzyi2pCxaWszLiWSdO,true,true,true,true,701
179,wsargeaunt4y,$2a$04$RoUXe13zT7OohsxK3eTwO.cXyofn9oqQ.Lk9bmg2cdxZufCsDd66C,true,true,true,true,977
180,bingree4z,$2a$04$TJtBIBQz3V5IXLM1P/I1LeXxVbom5KQhCQp3jIGuN3XkTTLr1a2tK,true,true,true,true,5
181,cgianninotti50,$2a$04$h5NrK9UO5I7cWREpQJDd6u54j4/9ijg5LxOAZgO4Kt/HaEFriwEBu,true,true,true,true,701
182,sdysert51,$2a$04$we1JRUS4ipXlNy2jkihot.OGszAoAhqURLuQmU7PTkGIC4W60bZ/q,true,true,true,true,873
183,bferrillio52,$2a$04$YEMv9/GdNIz9wLhNORFsiOm4Y/pTESvuxpPpt0GrzymaCiLCaA1d2,true,true,true,true,671
184,gverbrugge53,$2a$04$CWT7T5kZgHMVhxyxKUTds.9RenVQeFJ08fcIbsJVGkPZubfMfb8a2,true,true,true,true,89
185,vhecks54,$2a$04$GqqvJrfI5pKlN4m/jln9qudM56PEHl2Zm.bFOTjs7x0u72kSt1gSW,true,true,true,true,864
186,suttley55,$2a$04$68T2aMH/Yvbw/0K2CqeE.e.802.Uau73LFEy//ByDzcZ7EmYS64n6,true,true,true,true,341
187,banshell56,$2a$04$2ZDbinksMDXZHiL9cJe/8u3Ljb2u/Pq58DwycmkN2swAKryl2Yjj6,true,true,true,true,946
188,bpawlata57,$2a$04$IFKv4HJgqn2HTe3xoEOa7.RUZ9BthQEkr3uzo4Y2KKp5k1CfjAlOC,true,true,true,true,314
189,lsherburn58,$2a$04$ah5AAyMLLxThpnA.Y3NdMud8PF4hx8yUUOZWj5pbxtcKqnAP3KEm6,true,true,true,true,388
190,athibodeaux59,$2a$04$EZ4zWE7fEzXvPn1szFgf/eQEHGPXuNjirabRzwX8lzzMhhcULDFRi,true,true,true,true,746
191,jhaley5a,$2a$04$TbmzQIqD/BO8kiv59BnHi.7jPp7BQUOwFGkSSRJirMNu51AKEx6eG,true,true,true,true,542
192,gkoppke5b,$2a$04$gKfpCIcD03h.fvL5uUKGGeUAgWBE0/ZF1YRDHkhiC9916PgrS6ZwW,true,true,true,true,27
193,orayment5c,$2a$04$fpBt4fYhZpzfFZCF3E3edOGMwfX1jEhRP.ou1E8u0KpE9cngiuKYe,true,true,true,true,251
194,pbengough5d,$2a$04$Ftu8HjWmJiOz8cMczjeHg.aD1As2hLoo4QYZe6bfq4ZQQHT9OgLUi,true,true,true,true,499
195,wdewan5e,$2a$04$9.0sig33GgN4UscHiT.Kruqog/y7ySBlk48ExxUT9zoDrGPSHXYP2,true,true,true,true,676
196,jbatchley5f,$2a$04$5JRm1thN4AOdyEDLHxPvc.1I1VmQiWksw66B3qnYLKacV0KC0S2Gm,true,true,true,true,966
197,cwyss5g,$2a$04$qCZHkkmCJsdcjp5MLu2LP.pBoKpje9F7c4ogqzMl2WBZWsNhtQaKy,true,true,true,true,144
198,hnobriga5h,$2a$04$zZk4oplLPnbPuaT1hlC9Aug4sYNCm1h/Q.N2cCm.wBwCuVjMFpV92,true,true,true,true,988
199,cvasyukov5i,$2a$04$ujY392hodDxblcgUalJYv.f96FCdD9yWqIyXWoBolevtD.soAtSB.,true,true,true,true,534
200,ahubane5j,$2a$04$5qao8Rp9Z2FNorU5igpZLuoMYibtlVzAE0c3nsxY.XZKre0MtEQYi,true,true,true,true,692
201,cgildersleeve5k,$2a$04$XSPMUMDOXrB0.Sls1Go8Qe1ImYzNqETn1c5oESGFviScxq7f/bGXO,true,true,true,true,63
202,rroskilly5l,$2a$04$s3Xi00d4/vMDzKv.6mXwieO7oGZlr4EWUyaehTrtXcWn2jAbKABsO,true,true,true,true,597
203,ymahaddie5m,$2a$04$hm2oFvwOlUhtc7v84h79G.YPrBiUoSypMUmCxXFm1a6cRM7eEobuK,true,true,true,true,48
204,rgranham5n,$2a$04$bsQa6rWwonEHKKhkZ0QIUevgCbgoAjCeVVeZNaFIdKZzhw/YAx8Mm,true,true,true,true,976
205,hworling5o,$2a$04$Z7RRe1j/YV1FdpPByLEJwOcI4BEC2mGmyjKuiqy1/1nZdr1GqqVG2,true,true,true,true,857
206,syeo5p,$2a$04$32zhjy6kkIA64hK5bjnmZ.Vm4ZRWRjmL44XqQMqWxqp5oJpNqqBum,true,true,true,true,447
207,fcollick5q,$2a$04$VDxZf3QN0UlyKe9F0l4L1us1aTQ8/cqYDjiVZlxxNWsgW.SxWcVtK,true,true,true,true,861
208,jwavell5r,$2a$04$.wkjAhhy45SbRruSgfP44.rzLpmD7No66JF5l45gTDF6Lmcn9Af66,true,true,true,true,446
209,fcorkish5s,$2a$04$DQDyR9kUBdiwk8zm9/bTtOnv5IqbK6VhWdHGP5LgnHXjbias4zm1m,true,true,true,true,632
210,golenichev5t,$2a$04$PdLFFtlDOm3buFT2utQFbOxvyQA3L68YKNQ.YV.wd759XcLEywmii,true,true,true,true,839
211,ifrankish5u,$2a$04$EN9kan8Bth6eCRjuWqCF1OZYPFE2/tZ9ULEBNEdutkKWHzx5fQyw.,true,true,true,true,604
212,lwehnerr5v,$2a$04$26GMqRcWIJHoUb7ELKO5B.fMkoxKZx003nzkiQ03UuV56Wk1oDA6m,true,true,true,true,768
213,hgosart5w,$2a$04$fvaBLZWTjgvl297rPVKE/eaYOIHm/j8AzvOTFBsZdTIA4UpEGJd7K,true,true,true,true,510
214,lbenettolo5x,$2a$04$5fndKQpMI2lfaNVD.oRTNOn3piUhWrZ5Fm0RRDYGR8LdYhjfQmOp.,true,true,true,true,412
215,mfulloway5y,$2a$04$co5n.hfFTY04tjBgWZYxWeECYt7bdJAsPLzFfue2pCYCIUTto06Uu,true,true,true,true,487
216,apreddle5z,$2a$04$VpW9MyqjcE9cpsuwrpqP3.cFy/nyk8oi.GykPHSemI52eR9rDbDkm,true,true,true,true,959
217,eharroll60,$2a$04$uyBURa7/zwbqzUZVECC5JexphRgCc2xt7ZzwnN1yM8ZP4lbWue6gW,true,true,true,true,86
218,dstraker61,$2a$04$JkMomAFgoMMw9Y4oiB1YHOEW10/Oz2TGGExa9SjEezRaC0Bxieqse,true,true,true,true,475
219,adalliwatr62,$2a$04$xx5.w1rbWMhvmPJcj/9gl.ZxfAGvpc71G1NZezH0UGwk.XoRiycwO,true,true,true,true,515
220,fbercher63,$2a$04$9uhOKLx07c9CKJuBe6fIWuj9E7v5lL67BmTgMcdnHGzUEEOPSGuly,true,true,true,true,15
221,aelner64,$2a$04$Ukl/301EQ.6e9N9eYkWtdexQOaphrs8idHGk85WecYCSDM4dFoLoO,true,true,true,true,506
222,eshade65,$2a$04$ird37J1muKGDZxJvu63wVOePTck6W1e8sVOj0VgKQN20ZXZsljCIS,true,true,true,true,762
223,gchurches66,$2a$04$63cC1Xl.2.Njl8QuPvDf8OWLY1btd9eXZtSdhAf1A0GBBw21SwPsC,true,true,true,true,586
224,sfurzer67,$2a$04$MlGeyFMgD7eeFZWAoW.jXemVizQ0guxUETamzftG4BMeM9FLyOZp6,true,true,true,true,713
225,adunlea68,$2a$04$A59F4ZPgVWcxI8UDjAjFI.CjRJqkZ57NUwOY2W1QI4FQ4ZXavm/se,true,true,true,true,723
226,averheijden69,$2a$04$ZujHitva9IC9c3Bh.yWMCu8iZu0CyhVhugqlbVpzs5rurjZ1V9C.O,true,true,true,true,381
227,aparrington6a,$2a$04$OKhLrAtgosr6ZkFKxMOrdetb1EBpUxkciMuMgAv0UNZPTo49o/V4O,true,true,true,true,393
228,eellingworth6b,$2a$04$sinnfCUG.xth8L9rAjDp9eaV2zDlj3Tq84dg3laKhK2cw/yuIZ0pO,true,true,true,true,129
229,kpraten6c,$2a$04$3kFXFSmYXM6nIyFvnZhVHe74Yi/XOciDTq3VRdV6XyJE7HMKI4ka6,true,true,true,true,576
230,mfairlam6d,$2a$04$ZBDrLXD2EoDnBNYpBBdAVeNDqYXmjQ.IYsZ551vIwwyJekzxJJ4N2,true,true,true,true,994
231,rtrebble6e,$2a$04$udCESjUvJoZ1uSVUmdbV0.bEh0gh6AUfq.2.vl9eWfD0EwD1WSrMq,true,true,true,true,456
232,fsenn6f,$2a$04$vJBcbhV15TbnwrtEIVV/JOAqb2CXwkih9P0sDgvllYDZCgMrG6R72,true,true,true,true,88
233,kairth6g,$2a$04$bVAHs/ny3P9p3mtGomcqy.l7mGDpS5bssw4FftvfQPlgTHlVuCesO,true,true,true,true,485
234,tkitchenside6h,$2a$04$NeuGZpCPIqlk5gYHWXEKaeq1nK6rBJCPyZ2ekr31BwwFMrLmpzjau,true,true,true,true,86
235,tmartinho6i,$2a$04$ZNDz6VfSKfP7KGF0ZutZCeLHR4xxhwvzwZ9LmpK6osmNqELYk3nAu,true,true,true,true,514
236,mmitchley6j,$2a$04$ZOrZOIDEbEpe610vQ0p40.XUvFt9NDauWmQ50rkIeFDbrcXUMSEaS,true,true,true,true,147
237,swiseman6k,$2a$04$S200zioIo7RdNFqAuh2j1O/fy63EPzKmUE0EVLwSpY0UTo2s7sp2y,true,true,true,true,997
238,mreedman6l,$2a$04$WxbtWNPWI7n.y3HF9eRPVeKaTINJ0lyXI8JkIVW5jC0eU9rPcbNOe,true,true,true,true,814
239,nsecrett6m,$2a$04$pbpQi6uZ3fFZvWfCB409NOPaXMREyFO38AcbRGi82KzitR.co6cSq,true,true,true,true,919
240,jhanhardt6n,$2a$04$I36UvNnS45HEWC2saket5OzHKZKVaoPR1UnvoRlQ2ZjvJbeOipCmG,true,true,true,true,685
241,aenrique6o,$2a$04$Q5hcm21nvxh1RLTLwloOO.pI4O4xZaPe1tV8prhmKiR9V6naJbRaq,true,true,true,true,31
242,rpridgeon6p,$2a$04$ttleYIINeRwbDuLqOuI6Ze2nvaQRaodg.OHmc3ZdXxKOd2bIA7Je2,true,true,true,true,158
243,amarcu6q,$2a$04$YjLigceAYase/HoJdGzOb.oqy0/Y9HSVWt6vQ5JVrV5lkpfNxqUDu,true,true,true,true,401
244,vmolnar6r,$2a$04$Tdji3qFhjYLcLBtqIVA/UOwFPbJiHkbkpfes8MUl4CRtD8aRpjW2a,true,true,true,true,765
245,dlukash6s,$2a$04$pMPgCrWwcBTgd9LbU9aft.JcbQnhgsu8MOoMOi4WVsza/wFv5s/m2,true,true,true,true,153
246,smakin6t,$2a$04$XR0MhI7sn2lwwc3dv6NNe.P7C85NR/3dfiPqhMrIhJSSHT2PWmMkO,true,true,true,true,620
247,dmosby6u,$2a$04$wI6GbcYi9qndoTSBwhGOHO5SCDQun4/AFWltkK6t3Z4yPKJ/kH/tW,true,true,true,true,841
248,mbaxstar6v,$2a$04$B4FnPDy01VmlW9u0dhcpnO78fB12BzQIym8ClSj3cCuMgkYOZ8lXq,true,true,true,true,632
249,fsewill6w,$2a$04$NVswTd2hqW/KvPKHtxI.4.LVI3Zzhc.w5RDjX8vZkNxNn0ibmgwnG,true,true,true,true,531
250,ltregear6x,$2a$04$KG.AxiPxaZxpQSkyFILJMe6qBTyz6WF1A263VYHz7JXfq8IGs5reG,true,true,true,true,662
251,abeauvais6y,$2a$04$d075Xy7bylga5aQw6mhJ8OWpOrp/ACTZCtAb9jf8CuFeJQEmvwaKa,true,true,true,true,321
252,kweatherdon6z,$2a$04$mBrfcyZdNj7GyeWNvIVULOVW./kp0qW9hXGvQn9ugmL/FRr8ltlWa,true,true,true,true,115
253,aolliff70,$2a$04$DP9uCJ25XWEgDUg.NJkdWe5rgy//x8hUtRxjRtalcrSrIuNgcFp22,true,true,true,true,796
254,fdunnaway71,$2a$04$vSTDK.YlzxQAY8ophb57huVd.k9x/OyaDH9j9U8LdfXJ7dA8O9Jdi,true,true,true,true,620
255,evaneeden72,$2a$04$yVC8.wMiOLdpTI..eDgf3uvgZE5rZ6IXV3xDbOVKmFHX2a1nfuHhy,true,true,true,true,882
256,rwinmill73,$2a$04$dIz8PoZhV/tV3TDp7OSoQO1bWg3U6tXL4vTLvXLaa6rRe48iG2Nla,true,true,true,true,503
257,ggyves74,$2a$04$JIMIqxep3xObu1x2/IQMiuoMHthFACN25K3uATfDDMW556Z9igUom,true,true,true,true,965
258,agronaller75,$2a$04$PYto.q/071EqPSDmpxcY/eDyEzcdsNnI1M/ywepg.E.p6ZK3qnuoG,true,true,true,true,111
259,cgirkins76,$2a$04$zizbB5IL/KvWeJFrPgwWeuIqPxP/4RrIe6y7K5VhEIKgrazxNRgwW,true,true,true,true,574
260,mberth77,$2a$04$jUSz8yRyhlS6rveiTUpQ8OT5WWkHtnP.aiJZpgdW9GN6v21ekrPYa,true,true,true,true,617
261,lmanoelli78,$2a$04$rsHai6yczTKVwZuBWQ9WFuj/DMFUJ8HM9XJMySo131Om5Lbqvo1L2,true,true,true,true,474
262,mhovee79,$2a$04$i3c7etOhu9yFidtGDgxT3O48OqFRBqN/CWQVoumgLNgTVL.H1YzIe,true,true,true,true,959
263,olawfull7a,$2a$04$wIw5D8h7q8H5RBX1wBUII.eWRet6/q4RGvu4Vm1yXCcwB/lULTJW.,true,true,true,true,162
264,alohmeyer7b,$2a$04$xn7fK5bgnmU7D5YZ7cMEY.AwCofL7T9UaYj/jt5NtNTpBIYo.FZP.,true,true,true,true,70
265,wdemeis7c,$2a$04$/lETGoo3wNeIm9kPExPJwuAn.gT7TzPDaTF16vCQz2h.3H5dtZ3mu,true,true,true,true,416
266,dtapson7d,$2a$04$Bm3c28Au8BLVbcsmjIOg0.WIPDWKjsbWuWVeMkNXj/FJgNmUmPcWW,true,true,true,true,839
267,areside7e,$2a$04$xtTNV761529DHYuz35j2Y.lsalYpYI3DqoTVdrMrwapeI5yB3NpUm,true,true,true,true,264
268,msauvage7f,$2a$04$GmwLsJJzG8FRDROUbGbc2uEkTJ5UohBc//x4lwp.x0XWtUWvfLegm,true,true,true,true,751
269,ttankus7g,$2a$04$4676yE6LhVaN8QWbWap1beObIlV2gSuwtmNT/kGrTHakMQ3.cRWda,true,true,true,true,88
270,marmor7h,$2a$04$FSnjQB/NvefVxktFRs/iV.gydIJy6V3fZreAstI2plYbnNI4dzRwu,true,true,true,true,488
271,vwarriner7i,$2a$04$1ZrGT4Tszh5qqBd3hKODoeIhUM8yxu2zlu9F.zQh7mDxYlp37vkX.,true,true,true,true,480
272,ckrahl7j,$2a$04$BlwblXEWzmeEvbczhfDq7u00TC5bCib0AKKsztzq.4iQVyYgWipUC,true,true,true,true,610
273,abediss7k,$2a$04$jYfTtM0VehiP2HrpcxMbfuoS03q/pq6uhFnIvsjv8I6YpRPrdTgui,true,true,true,true,243
274,tpenswick7l,$2a$04$nap5JdIATcM8FkPaeCdR8eWPAIUn5/TGS6gN0uJylb.jKdOAXg6dy,true,true,true,true,162
275,cthrower7m,$2a$04$SgajLGUlX7dl0a8Y/TPr5uqnq6/Ey3iJ8kSMWhBzL8uJZja2Xpzsa,true,true,true,true,887
276,cwiles7n,$2a$04$EK5lBph9We9LOV13QF1jd.IU96fnYWKB41VD1V5Cbg3jbuK/ISzbq,true,true,true,true,493
277,ageorgeot7o,$2a$04$nbYJWJuR2XHibhanNZi.jO8UwF8pjpdF90DL8NR3SIbTYxvRzzNJy,true,true,true,true,52
278,mruseworth7p,$2a$04$guskQiYWVZZY5bE4SwpC9u3CMB2AVVRAJBElrRnixeM9Ucs6pOjJ2,true,true,true,true,405
279,dlandman7q,$2a$04$3YS4Ac3PGY/i6P102gfnIuvdG7.HXBwN5unyxrnrN.l.gLsnjjQCO,true,true,true,true,105
280,gperrington7r,$2a$04$pRzK.ozSy1s8fOhFhwZCkOnT/ycBzHsEuOjVKyOPs2ynaRxzWKvsO,true,true,true,true,42
281,bchecketts7s,$2a$04$.nXRB3IcgQBHHoaUUnI1LOp8eDpEGrw/iIiKUglLIhUTQrVNPKTb.,true,true,true,true,819
282,jtolchard7t,$2a$04$FhL.hLI3r3kS.EdE7qNV/eEk/DBuhKcithF4k8Tq.NFOmigLlDE9G,true,true,true,true,264
283,jfoskin7u,$2a$04$rtWkDkaCNtA9c1dpnPaE1udrn045GENDbLTdhM.Hqad0UP98xWZ6O,true,true,true,true,818
284,gdolling7v,$2a$04$TG1ZY7wIDkFdXdLNRtS.g.3OZzGpYrQiLgjIDO8FFk9pstgUzSQyu,true,true,true,true,341
285,hternent7w,$2a$04$17UYJ8dWGNP/guF1PugDm.w9Oet0RsGCdr7pdHYVZIgeFMeefwBJa,true,true,true,true,570
286,pprinn7x,$2a$04$V.NHzRm41o.DykGXcKp2U.VIYrzxD746AWgSSZ7wBGdqBephJGS.O,true,true,true,true,810
287,fkersey7y,$2a$04$KFYXTSmndyuzryhcjcc7teRFQaMVmoJH3snVIxpMi2ef84ZdSfbua,true,true,true,true,461
288,bkeitch7z,$2a$04$3AVOAiD95ajNH4KOgVgX3evYSbNhFIAujRiC44grKkehpsC5DsHme,true,true,true,true,805
289,bwrathmell80,$2a$04$1kB9Q5FwLXnPO8mwGnwQh.M3PCFIijxvVem45Fn64FPGVuszzypiu,true,true,true,true,642
290,askull81,$2a$04$MuaEf88zXDRKRGauuH8blOn41Ew/5RMTscPgGmVtnGG2eus5j8xNS,true,true,true,true,465
291,aness82,$2a$04$OrmCz5UG/fkWazz5fkVsFuLcjC8wxl/wsYB.CjMGh/MMrf8lPonUa,true,true,true,true,986
292,lcleugh83,$2a$04$/CGX9XfX3h15P98qzaM.beHgPFbFBIJrLtxVsEEEauV1q4SfREt1W,true,true,true,true,46
293,hbohike84,$2a$04$sXLsbmzv4QXDhZ8wwXrxA.K0RaW3Od1nd8G9ofXbn1e6DHIxnu0qG,true,true,true,true,151
294,rcubbinelli85,$2a$04$NvsXazdMWSEJr9yEOHUf2.yyupT9lTfY84WxZ6khQ62OBeLPUQXVe,true,true,true,true,339
295,ghyatt86,$2a$04$n5Eor5hDVzFG0M6s.YVs7OTdsgrHJ/2vG9ofm9PZVC9p3MA5pwG/e,true,true,true,true,493
296,mhassey87,$2a$04$wXqTWwzdldc3W0yYmj/yaOMC/LyZfMochrsxQIL1G5EZIFu4H7teW,true,true,true,true,840
297,oknapp88,$2a$04$N3rnXY/CRbLqjdBw46HBwu1OW0abRADMBYqrz/q7rXqijqUVQ0uVO,true,true,true,true,899
298,yturneaux89,$2a$04$qEAfwEh6efRiLIyMVSaTs./8bDZTqjGOplLcG8t3dk69gLXccJLOW,true,true,true,true,231
299,bjaffrey8a,$2a$04$ormKL5tD8F/ZOVbfNn1TI.KBribIy/s1yujd6eLjj/GDoP8h3ccSy,true,true,true,true,888
300,tkernar8b,$2a$04$Np7uScECmnWP/k97hmqBbeb2BHxYOXDF7nZ8Z1qQGeZ6NIqOZiMmi,true,true,true,true,472
301,scarsey8c,$2a$04$T1B4f8cC4gnZIPAKV5f7Qe9BD.dMkaJizPZjdRXLW0LG2hpPVKEIe,true,true,true,true,478
302,hpoate8d,$2a$04$Oolotb9wg1RTKII4LS5Z0.QCN2xmlUk0xi3FXK.PX6CnbHoPKCg46,true,true,true,true,702
303,rwinchurst8e,$2a$04$/gCQiRmJT8xhuTWX7ehW0O1937pU/de9LbtFNCrk8fh0.aKjdNnnO,true,true,true,true,712
304,awestgarth8f,$2a$04$oYYx1iTZ2XLBwcySPONgTO2LMLuDNbuY49Chjn9hcPLpQUHje13Ye,true,true,true,true,815
305,ashafe8g,$2a$04$Wg5poRYrPxBDdbBm/OUrFu68SzKJFCbxZSUmELn.I4QIg1S4p5IiC,true,true,true,true,917
306,vhowitt8h,$2a$04$UktBeKe.fHuAzgI/fal92ekk3wFgfgqFZHZgPAa.2cGKzQyif82Ru,true,true,true,true,509
307,jharmant8i,$2a$04$6oO/sa5BMMpBYneOeVsAUedcTSk8kXRUhWsmPP6LysV6/g9JWYZPi,true,true,true,true,722
308,lmaddra8j,$2a$04$lKUZFxzLPMP2Ghd7IHJWI.8/nmQSXpPLF1I9ifX9s0LGAZHDVKvrC,true,true,true,true,618
309,mplacido8k,$2a$04$i6Z/1o1OYhPiFccm94.n1.1uCwIbT2Su.cIbPSJEa2IbTbMvxm0hG,true,true,true,true,112
310,jhoulaghan8l,$2a$04$KAa/oTqm76CDgDbw1xgRAu3dMYW/5cw5qPs6hGG6yfeGpj5zfwr2e,true,true,true,true,711
311,pbullan8m,$2a$04$ahcjO5jMtsaQ6gKXwIk2ieNjPcWkMFZQJoaRJZ9XWdcKt0xY8HimW,true,true,true,true,761
312,ccauston8n,$2a$04$StcIVMS63gudVzfNRk8Q9.VwdJww9snuhqUg9QYOIGBroWYDmYuAS,true,true,true,true,369
313,jduffield8o,$2a$04$cNzCAZ/eiMibWIrt7h3oUednBxO5gXiaZ4jJZLmux36M8ntF9SpTa,true,true,true,true,999
314,mcarroll8p,$2a$04$zNlXE0ZgFZ49Nb6Jc/CBdujHjGDrDRhSOuYsMETgc5MdJCN406p4e,true,true,true,true,484
315,rgatchell8q,$2a$04$SqCbk7YaPuO.S/3h57tn.O9mB9FJTj5YSStcMr7NLa48bJG3R0m.i,true,true,true,true,906
316,cberling8r,$2a$04$5MfOqJpCaxi8meOSbHW0Relukay9SoIM4s1pQb5vGqcy/OaoS6O3q,true,true,true,true,122
317,hlittler8s,$2a$04$02/Xbuu3RbWgYJCbQhHRiecWQvT/wzbixuyvMOfmF31P/Fc.OT8qO,true,true,true,true,910
318,mlinskey8t,$2a$04$gpLQg5I5xW/ssqRCHxzjC.G0UCX/X4eGFmouE8LMFSlKhZk8RK80q,true,true,true,true,924
319,zsturzaker8u,$2a$04$Kg4FwJB0B8TpNY0j0lOd6O3SULlXYCc36OFKFBGy1kFbiAZjX7eUO,true,true,true,true,944
320,ravramow8v,$2a$04$vNw.jyoXsIEDTjzdOYlN1uYOfiCiKYvch3s8vF8hrnyItBC5Ssa1e,true,true,true,true,191
321,rtampin8w,$2a$04$XAOoBeV2re44t27I4J23jOS.dIv8IFi21wvktgWgrX0zztcjMVAwW,true,true,true,true,846
322,caikenhead8x,$2a$04$co3RgpkcpS.2AyoDfl0EI.uhZvHf86UYmgGiXjkE.Vo3YcPdvO9Ay,true,true,true,true,374
323,nglascott8y,$2a$04$TQyCMILXbRBw7qo/eCEMEeJlJTTKTIwpDaKodbG6kViQSjlV.nm0G,true,true,true,true,967
324,alikly8z,$2a$04$AIQXa5Y4r9rssad3TicFIu1CmGiK5l7eMl/bjCceW32AKXhD.9PtK,true,true,true,true,292
325,fstewart90,$2a$04$aaaZ1P6nGfrbnuZzLCmsSOjpwzmAbs/WrYUeUhQjdJgcaXEMOSGHq,true,true,true,true,404
326,neasson91,$2a$04$SD59W351tP3mZV2zeuwsLO6n0wmzMausYTXY5Ime7FoRRJDWPdqgm,true,true,true,true,556
327,scatto92,$2a$04$uEGA9V.X3VUCS1PAO6.24Os59yI5QIyI6KUWhZrUu9OXjdWqX6xdm,true,true,true,true,979
328,miannini93,$2a$04$KOOiGHoOX72hg/EnTSidUe6EiJbDx/NlkZ2GuNXehqWggYtEW8cLy,true,true,true,true,723
329,kgronauer94,$2a$04$9d12sehGxPsq0FgOp3dV9OFnGOeSnMzAfhS0qcrsV27ZdeWTas9gm,true,true,true,true,725
330,ahillett95,$2a$04$3mWQzAaXGs0E6Nah4NCCjOHXfZlY/Qx2/naeF6P4b1OCsHALuJu.G,true,true,true,true,611
331,pmarchelli96,$2a$04$2.kTbyUF7fNLyoaOgGC4AuvKk/yr2vzWGhujx1vDt5sIarZ1M3PFC,true,true,true,true,875
332,abartelli97,$2a$04$q1td.W/QY2r17Hj3etaFzuHmI7OCfvLuo0Pz3nLt3P8Xzn9dGTBjC,true,true,true,true,724
333,reyrl98,$2a$04$i/8K4VMxlQt1S1Msf6voO.dKmbXiHYEY5TW6CrFFo6i0FwhqXmaTm,true,true,true,true,202
334,aenns99,$2a$04$8W5NWBfwi6CcgjOqUNBiYOXu2oipxHVjAXIl/KEI3c.fbGMQMlXiy,true,true,true,true,92
335,cpashley9a,$2a$04$DUSiDUpK2A1VmHOyN6thwue831TuFLe.QM48qeaJQ2coPPzt1FO6O,true,true,true,true,280
336,dtrank9b,$2a$04$/9wdogSg67qi2Yo6TnbwaOJ8ZqZHaTI.LUIENVCzQcGaFQUI.O8Y.,true,true,true,true,127
337,bmcgerr9c,$2a$04$vdW8.eo/ZOElANxWNayQD.TGo73Vhn2pNpIqrNfDsJnCWWtqLA5ZK,true,true,true,true,718
338,ewinslow9d,$2a$04$urWYAWdZpZb3UUHQ3rWl0ur3TPwAD7WDeRnF4h4o0Y8Ae3eacq2pG,true,true,true,true,464
339,alemonnier9e,$2a$04$.xNofrFIrzZphX6L76e1x.s2AmZFqHNbD9kukWXmFDc/u05O4dgL.,true,true,true,true,373
340,tkidman9f,$2a$04$CV/sVIKI8//pxZy6O2g/N.O7gQpdh9ULzXPqZ3pXGLHhtvS0vDQue,true,true,true,true,764
341,molanda9g,$2a$04$L5OetrqH6PDWOzRVmqaokODJ0Qf6Dk3HrG0ms7Qcn8UqjgHX4mRUi,true,true,true,true,117
342,rdelavaletteparisot9h,$2a$04$p4Ez4DYgJvjb8rv2XIECF.1h8jdHylfX08aOg.mgAetmBQWX4eqg6,true,true,true,true,283
343,bgrisewood9i,$2a$04$Vnyd5ztofqmf5PHVf4/3KO0ZeGiz7DarVuuzHYtVnzdd2.3BGvhi.,true,true,true,true,848
344,bduffyn9j,$2a$04$lD36KrqBpy.YcVpyaODlbejw0/1ZkX1nn71bmcv0CDewzTSTLGQ6m,true,true,true,true,382
345,acollopy9k,$2a$04$X2MjiagL1vqSJ3ByBzZaWeCbunHZS6tey53oMSBEQc7VHoXhvBQHK,true,true,true,true,614
346,lwilcot9l,$2a$04$3jXQ0i8rWjjO95CD1J4GCOPr7M.s5KM1me9.HgH15NYXoy4aU3vJK,true,true,true,true,864
347,mlawrey9m,$2a$04$CHa08/k2TxYLKEOrF1oszOH41wY6hxrWFXskidp6zXl4WxDwJk1Ny,true,true,true,true,788
348,cgodlonton9n,$2a$04$.aQSTYoooucD6qYdyiOmFO0T4WHYPEbR3XHs9Mj5.9ojxlMpbKM72,true,true,true,true,253
349,rbohje9o,$2a$04$aGw9IK/Ilwgb98eSHxgxremzuQANtgSxBjg5r20Fhu7r68qv.cJCu,true,true,true,true,491
350,hhighnam9p,$2a$04$GUd7485voxc8ejuE.6teuuAID7pgQ0NpQHCmJORNvKA9uirbVkoCG,true,true,true,true,38
351,mdecourt9q,$2a$04$4vKHgHcPdvSByUFpXNUGr.LhTDu4EkutRz/pxH9bpa2t0qzke/zNO,true,true,true,true,529
352,slindell9r,$2a$04$lPITIQwPv71nCtTDyBO/tuDG1XLyS4s2.7D6Rfa.1rZ1TjbLwmwc6,true,true,true,true,763
353,pmoores9s,$2a$04$Z09VlsGqMe/isk4eA8Ql5O1OEm.YzsVeAnPTZtiC5MsOwMMhB6gWO,true,true,true,true,678
354,gduffell9t,$2a$04$5/AMQfplcNDuycOXcWLmouoAYp1KV7tin0ZaQb9IehnJyyjNdMNmS,true,true,true,true,57
355,wrundle9u,$2a$04$a1T8HT7MjptOHtCmclk24uEakCftSz.d.QjSUZCaRPeGAky8nBpRa,true,true,true,true,246
356,sbrinson9v,$2a$04$U.TXNvRQdATZmCkKEQfi5.44gczFwDnRzODi5AtdMzUIS32ivRBDi,true,true,true,true,760
357,aduckels9w,$2a$04$RMUy1k2mLQlabyKsSvQMYuWxEHKCRgoXt9lW9/oXmCBtdjLbq5TJa,true,true,true,true,780
358,hlockyear9x,$2a$04$jdlHnec5sz7v9GcSmmj1o.cSho2uQm78PUS.etZQJKGAfPUyYPbqy,true,true,true,true,788
359,dbenbough9y,$2a$04$RTUXR25EMH52PXUT/SEDH.pOyTJUPkK.tQTqlwutqYPMucTr1mIAO,true,true,true,true,846
360,mbinning9z,$2a$04$5H0/7zp8erh8O.rI3d24aOk6b155HIwNi6dybTdOxXH5eOtawsCSy,true,true,true,true,152
361,amyriea0,$2a$04$FRxJAwCyJKttiZm0Y0JMYuTnIhGiuH8i7ySlN75PLaFEqAtPpZbCO,true,true,true,true,306
362,egoodlada1,$2a$04$mgh7cFiGxaU0BOBPBHKpvuKdGDRgCA.LIllIL3fc/ezgy.8zLkj1e,true,true,true,true,459
363,sbolfa2,$2a$04$TRREYi2IR91yS4mUBxvrBu1GQ30kH/6X2KHTCpEMkg2yGVzVwO.7G,true,true,true,true,892
364,fbudgetta3,$2a$04$yMpYhw75cF.NKZ9fprPeNe29akD1ugFWnM8Va9BNwcUMNSnUGmcvG,true,true,true,true,310
365,srigneya4,$2a$04$0DYc2lg3T6FxrspN5ng.cuPSjOyXbCmga30wY19nua9o1FhkUHLT6,true,true,true,true,582
366,ddorbona5,$2a$04$zZ.VDbUP9T1GXeKSjbSeI.YCJ63nZ/.XekgnErBDgZ2NGfeLNrH4m,true,true,true,true,855
367,gkyrkemana6,$2a$04$voCEhxkVeYrmvkTHfDKgk.ThVNdp0vEOPGIjcy3iJh2ZVrcqDe0WS,true,true,true,true,900
368,lwickiea7,$2a$04$whcx2z8wL31Q8.3jNcjkq.WWdVHEFTfgnnjF6MB/bP28dfvfg/zyi,true,true,true,true,361
369,bbarthoda8,$2a$04$D3keF2/TL2SGo.tDll0Yi.3nta4tuZb9PWXLiRAQD8LCEb/4.dBfW,true,true,true,true,379
370,sgoodbarra9,$2a$04$J44lfhTRLglJjghfXzX2mehlvubedtHLkB/DNhXa0nMCtl62YREra,true,true,true,true,683
371,rramptonaa,$2a$04$sc0lGnbF5vew4Zp1i.M9ZOCzeeZMxuGp2oXAG5hSncvwALlS3w6ES,true,true,true,true,303
372,kthurleyab,$2a$04$A106KhYluLzkIrHhVPDvVeJp3X5rlS5VmXx0Xrb7geg8zvxhmQIdq,true,true,true,true,157
373,bplankac,$2a$04$5U8vIux2xgS2.L9.butoc.huEY9gEYkf22Gmmjo2a.rhH91AplHtS,true,true,true,true,632
374,amaccostiganad,$2a$04$hGUuREhNM.HNJ5IJuK1ww.L40nXiCyKjV.8PSJKkYju4DpRNVzz1q,true,true,true,true,906
375,jvinkae,$2a$04$mjF53gPD3DwN.nXDdJJuUOPvgK2fAWx.VUQF/g4HjSPplR/dZH71m,true,true,true,true,638
376,akocheaf,$2a$04$IxxumAlLzwlioKLQQzk8SunxAh5KmDumEK10pR2nYwz9Bi3xDle6W,true,true,true,true,471
377,fklinckag,$2a$04$j3u12jw4jQIbwXi3mNC3D.FjIUr2s2.32L4J9MW0v6R4Pd6b8O5Vm,true,true,true,true,494
378,bbyeah,$2a$04$Q8Mn9JA9HfZm.tB.q6ZLMubpXj5Jw6mZQIKyFeo.sV6V2zNNu1fhe,true,true,true,true,374
379,amanketellai,$2a$04$5m7nUNoXwPQ6Se78iTh2ouhRnJYrv2l6h3TIOiodBiKpmpiJJAuOW,true,true,true,true,379
380,gtwelvetreesaj,$2a$04$w9uT2bhLVaXBXPMHmyfOKOtt..JE97jDH61mY4pyG5lYQVG2fFJse,true,true,true,true,679
381,lmustinak,$2a$04$sGmAadW/gzq2IBfqyHmrZe1IaxQvHQL7.jUH5uHsueLOfO3p1yv7W,true,true,true,true,594
382,amourantal,$2a$04$uJkOgbJlTa6lJ2hBW6Zq0.5kcTrnoUhr11PCCB1cQmkAW6H4tpsUu,true,true,true,true,762
383,gmibourneam,$2a$04$7H1HKcRM5Cm2A1lZWts5Iu1ik5kfS.n1LFTvThy5IMfNse//W2..O,true,true,true,true,526
384,arowlesan,$2a$04$xLCkQqAFFvtiai8NEFhlKuJ5zd7FDAMh9HIWPJU9MukcyQ6FRl8zW,true,true,true,true,244
385,bhazzardao,$2a$04$hfq90s9e7q.bmSyiSBLDx.V0/pd8vkXv8vnBN8CiQh5WU5X2HSn6m,true,true,true,true,37
386,adilrewap,$2a$04$52NwAqI4qI2as995E9iageIdTmV6g301MaY96e.rEG2k8AfBOQZ66,true,true,true,true,961
387,lmaunaq,$2a$04$cgS2YWGpt0Tiu5jhyY9whOr9JLeQx3TyWpc6CFscd.C9axBjPxh3C,true,true,true,true,935
388,fnolderar,$2a$04$TFKr1pGA9mF1L0OAOR10RuYht5.Csac5SN4aim1ZY9HmgNGkQ/aBm,true,true,true,true,617
389,msutherbyas,$2a$04$8VsEblYJfp7vSCYQzV6tBOy4DSzoUp0HFcVIGm9nMG4vO14k8v/Oy,true,true,true,true,500
390,tmoylesat,$2a$04$8T2EKKs2xcTXZIOIa3xVh.YAulWs9F0DNAdPLD1UmjT6B.QzLTtlm,true,true,true,true,853
391,ehazeldenau,$2a$04$HDN2HoY.U91vjZDWtI/AROby1O/jXxwIN5Gcat0zakr0omSftQVny,true,true,true,true,70
392,smoodeyav,$2a$04$pQGwsuuMGymATRkw/sBsGOI4vwqd1AU2DHZTqdQ2ZUmDcRPvf/un6,true,true,true,true,431
393,jwebbornaw,$2a$04$5b3hOgYR0wSOwYjrR43KT.TNl3NoiUNmMXeAWkQJQFIgoUYRnGvfS,true,true,true,true,757
394,abenyanax,$2a$04$dwj3lkcf3KsqpHLPZLexH.pBYW/rTgzWT89LM5g6zbkGU666MCRfW,true,true,true,true,557
395,dpengellyay,$2a$04$Hy1grGF5.qRJj5ZN5Z6XweWXM1dksUJXmOnwfLAX3Yuzhy9X5XgFC,true,true,true,true,247
396,kstilleaz,$2a$04$20b.Mdtt/KlJx5tXQliw1.JnDx35V4c4csxF.at8PIUpsXTpipe36,true,true,true,true,161
397,mfronsekb0,$2a$04$RgOOqrjnMxXGiAy8bGpkAe70NAwC9EFwh88oPLHnq3Ez2jd6DFSYC,true,true,true,true,609
398,cocollopyb1,$2a$04$GqfPAsm/w1chkXIy8qMo0e542BbHePie/NFNf5EmrIQdPSSGnvhHC,true,true,true,true,402
399,lwitseyb2,$2a$04$l13JjznLpT6.foEKOlxdLOiMUhN4/wXG30Or9xKZwJbKeQ8oLZxny,true,true,true,true,530
400,spinyonb3,$2a$04$UbaT16esUWJDpRdc/2c5eOXP4gq7Bkf1p1jVNhWsx76uQ82Jwjrey,true,true,true,true,363
401,dgarmonsb4,$2a$04$tJ13wHGNPpugtkfN67qu9ey.V4.z7z23z6ak8956ODmVIlttiLN3e,true,true,true,true,232
402,cveroniqueb5,$2a$04$jfrgrWbthhQhDvdDP68cUON4lAVyL.xdQr17xuQk4qx4R753PRu9W,true,true,true,true,536
403,nprettyjohnb6,$2a$04$Oer63k1Aj0eeLSS8MLb4lOVyMch27xfa/AOFnXXZkCaMHGRMmHjKK,true,true,true,true,778
404,saudenisb7,$2a$04$U6Cp6P/64wZIFhom.bDWc.sZbboEvm8ikU5GDIHTPa.GUfKfcn9Lm,true,true,true,true,444
405,ablondinb8,$2a$04$XcZ.6VCZh.2EWcDUumcKtuCZnHIbTsStHf1lHb6RFYC7dxH000jw.,true,true,true,true,545
406,avaughtenb9,$2a$04$7VOGPLRAfWD0GdriYJC7LOWPijIIPh42r/RabmTgp.lMmSLcG4KA2,true,true,true,true,294
407,rtchaikovskyba,$2a$04$GjJS9D6qizLsSkhYAtZ9SuR5z1jj8ldMXsLC/2Xy.HbwFK7CXBUoG,true,true,true,true,271
408,jogormanbb,$2a$04$689bRGa8oMi13mx5wkTl7.X7TnF1yl4ttz5Dc1a/ZIMvDXxIWrf/e,true,true,true,true,70
409,nweymontbc,$2a$04$PqR7fKNtmlOzc8UnjfA5F.uadOsMODu5vQv70KkL3zb1CeB6kzcx6,true,true,true,true,527
410,tgartrellbd,$2a$04$LNL06GXuxJ3heSD6DJoUNOMxsIjFHZTxqTB0xDrDKfQUZm10XuGYa,true,true,true,true,59
411,fleroybe,$2a$04$7evoEqxqGhTx9cCaVSAjbegNLEmrCcFp2ew.d3dODwKjl2VKkDCD.,true,true,true,true,837
412,nstitcherbf,$2a$04$KHU1ak4hJ9ZE5w0FJmlBreV3jnFDS.ZFab.hJoNT4u2Ff8qt6JsEG,true,true,true,true,150
413,llanninbg,$2a$04$GJ7Y9EREsingB8DL6se1ju2sPsOLZwm3BY2T29AW6JKDnTzO8Oz/u,true,true,true,true,606
414,cpartletonbh,$2a$04$BhphSXCemzLjLO.NNCcZ9uLE3hjU3w20Ey1KEBYoPFsd1Go9lWWVm,true,true,true,true,534
415,jmcfarlanebi,$2a$04$gLCT6amcTlTjnx4wtEPyRuyrIwtV3SiuPla4Hg4309WqbUt8zi6jm,true,true,true,true,402
416,ggonzalobj,$2a$04$jt2tEG1.naDTH1.umLC6Bus8dPvIa9yEfCnrh7RMJXHCHbjJ9fZP6,true,true,true,true,548
417,agherarduccibk,$2a$04$vFSgf4JlRnClPAeNUwi5tuEFCIPMiyF8dkK.X4lXEOYFg6ujoRxW.,true,true,true,true,118
418,gmclaybl,$2a$04$89Y.Xy9N3EpgC88ewiZemuvdPKL9cNbwB1GpF25QFrZdHiXuk5QAa,true,true,true,true,110
419,mbrunsdonbm,$2a$04$3yhkzach6EWiUpRjxjJZ6.EvVXui.Z/UZiC3yRi/8bHo8uv.0Xdwa,true,true,true,true,3
420,lyausbn,$2a$04$5gpkYuWP3zCWCsyI2rexK.c3qGdlE2xzojpUO6k56E2a.6ISxDgbm,true,true,true,true,429
421,tmorabo,$2a$04$.06xOyzxdg93m4Sik0NH6u8Tx4qzLuM05fxhPjKyyADIWOOSxZwt6,true,true,true,true,620
422,xjonssonbp,$2a$04$WwkJFoQ4kKghyKSzH8.Zhuk0rnCSXaiuNx5yfNU4R16trcJHjGGLu,true,true,true,true,445
423,mmockettbq,$2a$04$W4iqJyAJv5qejDqLBCUmH.0fi0T2fRoHsDbZmU/3moYtUjlXNp9zK,true,true,true,true,576
424,respleybr,$2a$04$zcQGR.Y5XVG5pruHpgLtouUBXqVgZPBs0AlF6gcMJU5uv2HgQIzYe,true,true,true,true,255
425,jflintoffebs,$2a$04$.dEWnMHK8WkyIvrAPXZP/uWMw.ZWee2rgX7OG4Nn7kpEIhkdGrnYK,true,true,true,true,384
426,fsedgerbt,$2a$04$uN8jDu9ScEXtJ6f7MQGPrucC3Ttufk8wZCBExyZzhTeGYvYAVLboq,true,true,true,true,221
427,scasfordbu,$2a$04$UHR1SeNwumrXuECXRxoDy.oktox0fvhce0c03lmVNy4b.MB4FqtJa,true,true,true,true,883
428,lsidnellbv,$2a$04$X5lnKDdQxO.YKQ7S7F/H9eDbl2LWYLlA..rW0oodm4dUGB7KMeqxe,true,true,true,true,621
429,imacalorenbw,$2a$04$AvOydo.is9D4aEQ/j/uKz.u/NfWNDymiJ9wdn8oFUOhjTNMUboEOS,true,true,true,true,273
430,whabbinbx,$2a$04$BGyiS.opDcTIJcXMTC/pS.5DOoXefno32u7eMhAa60QQsyrLBKS86,true,true,true,true,679
431,lshakspeareby,$2a$04$Ght3MhElaspz2xD8QFEl7.4bM7ZK86xwEfNCQc68gNSH1h3qFBhIW,true,true,true,true,162
432,wnevittbz,$2a$04$aD0y0aqfCwl8ujne2/yFSeZ3IjAT4XmLfepQ5O6fagZEqTXjKDy1a,true,true,true,true,273
433,csandlinc0,$2a$04$tbFR3KMhnsNjb9QPtvqOKOf8R9VtGMqZwsWoiXSuPcnktM508Nppi,true,true,true,true,982
434,mstennerc1,$2a$04$/ntXTlo0vnMKk3cmusiSPu0p/drTg6jWJiV5g9zxvb1dC6FEmaDQS,true,true,true,true,670
435,cshutlec2,$2a$04$5hDde6kXsLiLuD7fubySrOZSRxrTVMFIgKrmIvL71drnM3PgW4O7e,true,true,true,true,64
436,cheggc3,$2a$04$OtJPwqW4TRr93cIwo4K3dOnp0GMk4FwcRRVg7T5wS14lUzuNiCaLW,true,true,true,true,720
437,kchaveyc4,$2a$04$6Ldju5lq2X5o8sbyJNvoj.pXbEhZIutZuvIhuQL/Xx5vBCceS6vWS,true,true,true,true,837
438,kotteyc5,$2a$04$HJtRDmXeVwHXmq/wQmzUrenAMiYpwviLrLNvzvU03X6uOJHYDHdGi,true,true,true,true,925
439,hcessfordc6,$2a$04$5D4dtCE2YG0VMz4V1EmNfOExH.RQO/ENgqzETY/f6qJ7t46tpPWk6,true,true,true,true,49
440,cselwynec7,$2a$04$jODWN2fDBDUwYrF85Bs5durWFXeFp2BMCGXOG6e85iVzikhTd/3R6,true,true,true,true,914
441,acawderyc8,$2a$04$2rRFeK9L5w0owcoADdbOtu0kOX6dOgz6ZD6JCAAMqq8J6ZUx8GcL2,true,true,true,true,222
442,abissonc9,$2a$04$Z.UeWK31et7GE0PGTahfIOnsaKAa/KUTKlMRbOCgXG4D.cDoRq/K6,true,true,true,true,787
443,bhartiganca,$2a$04$fAizI52oA7l28YQNqyE.f.jgSqjUSeD0gMGBeztMe6hgVnD6CoOsy,true,true,true,true,458
444,jmccaghancb,$2a$04$8rwehxN6DLNGsWvxfJqlDeKF9TVUV0.0u.GHsyhZ4PFuXQ3airpye,true,true,true,true,164
445,akilleleacc,$2a$04$AHIiP5sc.IlWdp6cTaSZoOfQ/5ejeGYvZJv4C.D/izInKTROcPUpO,true,true,true,true,502
446,evlachcd,$2a$04$1vcGvY/2a29wFx61Zs..WeuvRwFA7uqfvQ0sdk9VwPrYrXT1tuZyy,true,true,true,true,570
447,cpocknollce,$2a$04$6UU68t11S8e3dQD9k.obvOvT.ft5yoYRAH8B0n.V7WMTzopOyqZk2,true,true,true,true,450
448,rmeletticf,$2a$04$FEZ671QENJo2B6vXKS/6Yu1zUKDFLMPek7DvDYfoNKDIDNs7pajIC,true,true,true,true,817
449,lhargeriecg,$2a$04$wqjjf4CQ3JEDNtMM4QoWI.0cut/LpAceh251GYkW1KmSg7x8WutEW,true,true,true,true,415
450,biapicoch,$2a$04$wpGOa8Vy5NZLD2rBQeCnE.6ui4I9EyHAcdMKpPWwTTlpHxo6YGMsG,true,true,true,true,627
451,aburkhillci,$2a$04$bSJIryBFedckZFIkaez77O3eANCviBFGPGe26vVM.5krOGqIhXccO,true,true,true,true,151
452,ctebbecj,$2a$04$4UPQFjOF4YRh41nF4HaEIuqQ9OlNCOK1kzvhV5j0yplv2M6s5ysMu,true,true,true,true,906
453,obealck,$2a$04$nxpzjsr1TS3obTt5BUEZv.IUN1RN5IXDFAcQgyy4dmz5IOjekaLH.,true,true,true,true,420
454,cgregorincl,$2a$04$Y/N.rLbRpd7k1aT3CUEEweWnoq7RNnmFkHyYiSKQ5kCScd2mkzsQ6,true,true,true,true,373
455,estuddecm,$2a$04$kSpBCTk5HZlh2ifgGOR7X.VWKr6WNRU/XtCtFt1cBDzHdg6TnSgHS,true,true,true,true,368
456,aheasleycn,$2a$04$tfBcjQNamnApy4eOAmvVK.R6C72c0qj3w5je/iUUgN11kzIZ2rpP2,true,true,true,true,999
457,dcraisterco,$2a$04$0Ypyd9FRsQ4OPxhzSW4Mx.4/7vS6WnQBjq/j0eCFzjUMnD8adCkRC,true,true,true,true,181
458,feddowcp,$2a$04$NKOxEmooqauU7bbfHa09QuCXQ4rP8ovRC4qH/7cLS3gT1IHEHShBS,true,true,true,true,26
459,ojobbinscq,$2a$04$zSq5KZB/wa47TZLLwLsc2eg1GFnxu2y1.OeVJPr1j3F15VuBCbss.,true,true,true,true,802
460,rhensmanscr,$2a$04$p.UcbkwXo8lH070OYCy9e.3XCAEOF1GoCAyFAxtWUTqoHjTMxpJxG,true,true,true,true,19
461,lsidworthcs,$2a$04$2cV.sKzY2M7JUpkTl30AjOzpTlDRwbuA3QrTypknGdpSKumheIPgS,true,true,true,true,155
462,kforcadect,$2a$04$omiGh0/MgOy5d/P/YTPacOiPSVumRdRqLThYvznE8HeoDBS5kMtvS,true,true,true,true,879
463,tpetricu,$2a$04$5mRXt.CIXygH2Jvstl0SK.grWjBf4bmRYlCEO1jls/bkoS5fs6qIS,true,true,true,true,377
464,fruddycv,$2a$04$y3qYsswD4lt7gQDrH6huROhWpjUlcNXj7lC0c7vXu/fYqFxlN40J.,true,true,true,true,333
465,krowlercw,$2a$04$Gw6LE48t6/xoGZ9Nb4Y0l.gXKKzHTUvlG18Sa.YQSQEs9TFoIGjsC,true,true,true,true,606
466,vtrembletcx,$2a$04$EqicI7TEerwCJSgxgdCLSOLAjZKoqfbFNegSwdg9kptyfom8gzFyK,true,true,true,true,114
467,arubinovitschcy,$2a$04$7REgcsV8s6GI6eU5ElAHhOr6MKfCKlw2DIbJ5BYq7IZfV/MqUGsXK,true,true,true,true,26
468,gmccarthycz,$2a$04$wENw/LV/1FKFHplSeE9BZ.9AS1N/zjMPjRXn04Kq1bZ5Sfc/t8mg6,true,true,true,true,340
469,aricciardid0,$2a$04$Rscsk5g9BYqa31i05JPz/u/XJ7yt1y9mXODAVqlmY3vBWJMVfQyAm,true,true,true,true,300
470,zkalderond1,$2a$04$q3xONZb3eP8v3bCHuuGsPO9Y5F2g9dFdtj0fpXfyDbyz6a3OzfbPy,true,true,true,true,383
471,iheddond2,$2a$04$S/zb4.dA8WFmufJ7L6qhueWaVReByWXQ6jK4ToH0ynJ/ukLm.TX1C,true,true,true,true,978
472,jskpseyd3,$2a$04$9uw8078yMb.9NvMsx10D/eQTCT5dnibJR/hY.LlhNXjiamJI1XiqO,true,true,true,true,159
473,dtenpennyd4,$2a$04$WYibBguKX/MzCkiK0RlQfOayycU3aEq/b0zouK8tIEJewe/uriqwq,true,true,true,true,578
474,cmorrillyd5,$2a$04$uNJVustSeVAsNqOnE.TpguypkREdb2uQonSSAQnZm6FI1ES./m0ga,true,true,true,true,306
475,cwinderd6,$2a$04$dl8etllIM/2xkGXWYE5yheGk8AvWNCQBiuyHpe0n1tMw9zsGWLwuC,true,true,true,true,689
476,dpeealessd7,$2a$04$vcWu6jYeWWqHLYuOpKWcXuutgvtzNsd/t3Yj0AkQAz0mEMtHJM05a,true,true,true,true,843
477,sbaffd8,$2a$04$fANd8YDFJ9.cAxKXCBlbiOqgBLRwg4iXfwgjO.QGs/vZIcVT7Lw/6,true,true,true,true,716
478,jfideled9,$2a$04$6OBxI1LXxMzvGbl6beMYQuMDRxT6A4o.3vQu7JokYp4u/BOjOWe5G,true,true,true,true,605
479,kbruda,$2a$04$K.rvjevcg1UR0FlVvXv1GOpM3W5LNDUAVbPk8aaCdc3iVTtzjr61q,true,true,true,true,538
480,amellonbydb,$2a$04$LUCXfdbi3kM6UdXv8ehr/eY4xbYTGOw8JAuWkSCdHLjMcMUdodOhy,true,true,true,true,886
481,rtittertondc,$2a$04$.XV1.MOY9ZDIXVGx30G8W.yY4vleX3DzwOqhryg/cLNXeBdA8tJKe,true,true,true,true,62
482,apidgindd,$2a$04$PLvON7Ai8cjL2NEPEFLwC.OaBOlfbqCzyMFKr0qmCjzgJZN8Mvw6S,true,true,true,true,516
483,llampsde,$2a$04$IVHGbhSCGLrXaKRuDClmne8dgF4Ckom9V6IX51dmYfFH//TayZUxW,true,true,true,true,164
484,swoltersdf,$2a$04$eLPI0hYjt1/MpCFofRig0ec8daHhrUlDJMwV43cQhhkw8kd2S8PL6,true,true,true,true,832
485,geltonedg,$2a$04$9cwvpknQ0QfkxgdEeUzVVuwwKIufJnld.ufmNzu/u4V5hnG9JGMOS,true,true,true,true,741
486,areicharzdh,$2a$04$xGzBVX5MVa2Ef2rwcI4DqOgCwViqggvCCyxwmzWbhf1njVIjseev.,true,true,true,true,320
487,hdomanskidi,$2a$04$kIL/WMmGoCe8T0SEBEYbAeWbfvalxtXKXi18esMQkOXhTvz7QQ2pa,true,true,true,true,758
488,mfolksdj,$2a$04$/gwv6NILK4.RFKWj.wD3SOpXxOll34F71eHnCXrzwyLqxMPI09/3y,true,true,true,true,891
489,isworddk,$2a$04$Xu2ZPUN0y29C0D/TvCdBteE10KTSOFilxC67HJ2D2mZezdf/btymu,true,true,true,true,432
490,astodhartdl,$2a$04$I0KKnhKHmjFUi5DY81znb.7HSkIYw4I8O.7ghLN98kR9EZAkx8UtG,true,true,true,true,364
491,dbeatsondm,$2a$04$r.kRuUa29HekoYvwZbUSzOJNagzp91/KSlfH6Um0E043mxJG3ipPO,true,true,true,true,515
492,vsimmgendn,$2a$04$xJHHH4TexQqjCY7VGrPOse2yfNcclZq2WZbsDBrbTxmWTLU2YNT92,true,true,true,true,773
493,ldomenydo,$2a$04$tgrQTX0cXmMdSQZLCDhua.XXkJHTFJWtJUUWECxA6Por0PGHbz1.2,true,true,true,true,332
494,wklimkovichdp,$2a$04$wtp13yoceHG9zuLnsb8DTuURnOu70UNDwZQjybZHOwmDC86Xmr6.q,true,true,true,true,210
495,ephelipsdq,$2a$04$tVOC5PEcCZSJpWdCXovY.eY6hLnPGGPhfQiqN5GXbGZwVklbTfsky,true,true,true,true,346
496,jyeldingdr,$2a$04$i8uI0yqOTsuBfcb9KUkoYunPanwMddRIe0tuVuDZxrpmhIMSux1C6,true,true,true,true,184
497,tlukesds,$2a$04$cpxrw/27u/DlKEmlaDive.8FDiIcc1.pqbjaGiHiEamBMdEWIN6vS,true,true,true,true,486
498,phillingdt,$2a$04$d27C5Ajg9gpxvbO4y8kjyOnGDFM3MCcU45gAgkqgC2.3t4LlhTKZS,true,true,true,true,630
499,hsissotdu,$2a$04$TL1gu0gFyzyODZu4z/sQ5OK40OCmjokCykhmwfkUKzisvCCKhIZa6,true,true,true,true,107
500,gbasnettdv,$2a$04$fU/zgC/kOcg7Cr/rQIeRBO5BDP8GnYkOd3PJqFJODwFPnJ6D1yKXi,true,true,true,true,542
501,claethamdw,$2a$04$O4HxqlFH6Fy/BRWsULuLo.OLtn0O4HjxplYEKFjOpyBrYF6cLhIrS,true,true,true,true,812
502,mcrumbydx,$2a$04$0bhKe720dYrT6Ufb.NvBVuiXP83wNfwn4TPMF4JJLWWO2.AvTMjCu,true,true,true,true,930
503,lvickardy,$2a$04$PBQbxV5QrDf4aMbSEsdOq.xbDhFASCLKtU92TCBaJYaNXEaeSplIy,true,true,true,true,271
504,esweetmoredz,$2a$04$oTl9XVD9ioTr32witdeOXu0qpZ.EB2.GRPBJwfvH5eZs30/6xvuNm,true,true,true,true,995
505,abockee0,$2a$04$pnGfPvACD.1Rr.uPV2jpEew5jAutkFXM1hWb1zofwr.yllDPoFiDq,true,true,true,true,2
506,hmitcharde1,$2a$04$Hrk7yQjWIaoVW9.8wTGQROJSPMG.zuDsUgnMLFvlAM4MFSd9fLb7a,true,true,true,true,511
507,lidae2,$2a$04$6t4QecWjxgVgp05pBVF7z.oTT2Y8iHBTDeimmoWcH8.XwDEc7EB.S,true,true,true,true,128
508,tnardonie3,$2a$04$TBn7u3qr7JYdb6ARUF6RXOQaxUhBJcCwHQVo0FMRgD9DIVBcguO1.,true,true,true,true,805
509,rcrichleye4,$2a$04$/iCCzgVCBJp/NECtlI/Fm.kpjZC2NJ7XF1e1P8S.65NdIMAnBBDuy,true,true,true,true,438
510,bspallse5,$2a$04$shLktQl2vdqgQSm53NGmOeEWtzFyhy9G1y/UZUsKzp3nCFuVTGuLK,true,true,true,true,661
511,mmattiussie6,$2a$04$L4tHQtZRHHXNkJiKqfkqr.T2lf/QKEJPxfq231XlmnlBtrKdHIN/C,true,true,true,true,151
512,jcowpee7,$2a$04$qlftZFR7yBsf2GG3vsNKT.rjs6QSeDBF3/rmICfxPQ7Z79VneY48m,true,true,true,true,795
513,kleaninge8,$2a$04$WxYZZO4W9XOdQKBcHQiife40jqZ8zeMYHZMJpqHOmHQVs6LXWVkA.,true,true,true,true,748
514,dwaree9,$2a$04$ErV9jJr3bgZgLWkYwEbdfOM8OFmRL1tarcMNO3T.QLyWoQT6Z99iu,true,true,true,true,575
515,swaleworkeea,$2a$04$xWwDe5LoEPCKthxwNlbvze2sr.3k7YNpZ.xxlKRNKOJ0HrN1hL6LW,true,true,true,true,599
516,ryitzhokeb,$2a$04$Hym5xujEEwodFeixArHvmudqAOEUrntdJCeSUKn58pbMZaHYE/Uha,true,true,true,true,739
517,fromagosaec,$2a$04$vHaYTbiJzFs57Zd.uP4P1.eF3dVGUVUqfbiPkyVKnBWPAtfRkyAFm,true,true,true,true,395
518,trumkeed,$2a$04$xJrkD4d41QI5ERa.S5hG/umtxTH3PVrax7wdLLIeEOpkVRDAAm72q,true,true,true,true,371
519,ebatesonee,$2a$04$Ml35O0/jmrNwgrQkmrNBPONU5n3ByKKOOQXR6qJfbsFjyw7SBibou,true,true,true,true,517
520,nwisbyef,$2a$04$CDHebTQjzxwBZ9wTV3.apeX6MuVlZrpmQuBgkQ2eAv6ZZwptoosHS,true,true,true,true,146
521,smcroryeg,$2a$04$7wmV3QGQpe58ht8coM9Gi.cUXsvZn./LfSIHAyBBPcKSE58k.fxMS,true,true,true,true,109
522,lknowleseh,$2a$04$4VQQy9mf38JzUD2aiUsR4.kg2gUOWYm.h4eCG3HpTCGhlOGf7Wzqi,true,true,true,true,411
523,cswettei,$2a$04$G8Z2W77meWazJW2Owei90eQHQt51CnV1AwtpjJgd2MOxL5JXQ8lv2,true,true,true,true,442
524,jvarvellej,$2a$04$RZo5Sp2C7JWQjtgALI0QAezDXJ68k.HbkdybnBFa39DXXrKAWAtXy,true,true,true,true,428
525,lvescoviniek,$2a$04$qN.ZgHvtJ5lQ7Pg1J0VM8OqBHZ6W/ixa2QuR4AgJvuTs77CRrF5tK,true,true,true,true,565
526,aortsel,$2a$04$J0SIrwvqpDaDpMakAahjs.Vj/x7WKkn75VYPd6an1bqfn4kdSLV9.,true,true,true,true,593
527,sbutsonem,$2a$04$5NaQGDewFoBxmYEoeMabXuoMsoq5jIuANshjod.t0lq.K1FgUC77e,true,true,true,true,547
528,afaneen,$2a$04$7N6PGU4ABpHTUPbBWu77I.wdYvGJHHoYvuHuB.bvPFnr8/uKWX8Z6,true,true,true,true,252
529,rsearchfieldeo,$2a$04$uQzl27Lkh5N2zCSVe9wzSuX.VLMnGSHJvLZEz8NfqlQJsHCwG1qnq,true,true,true,true,751
530,korrittep,$2a$04$Lxy0KuG8iJnqZTjvRps6suiYlzjmGs0qgH3L.zcCxmjBvY5/Gmd/y,true,true,true,true,148
531,abruggemaneq,$2a$04$ucIFUx9l56bbXAOmqnYTBuKhkO8oc1O9MKpF/IHBWfOLZjgS3O6hK,true,true,true,true,504
532,mlenihaner,$2a$04$K4t8d9CWnO.NcPkME1niouw6r3o/WQqY5M.UhhHuuAS6kBIxQIBtC,true,true,true,true,548
533,ashillidayes,$2a$04$3YBW6k34JC5CsvhrKJGnauXbfgPlcUFz9aD0x5CsOERjtXHV/c9HW,true,true,true,true,389
534,cgrigoret,$2a$04$OTSAWWl8GwLhKQRwiTrjI.A3lAqVIKRet0c1fMAEk88yEphkqv1a.,true,true,true,true,722
535,atutselleu,$2a$04$WSo0ZqXnU26vdWtuKMgjL.vnRSLIctD2n4OjLyXLzckWGuRzn9NCS,true,true,true,true,989
536,wgunbyev,$2a$04$fcf9qlopfaZ0dulGUZBJae6nXmXsUZojBNjho2etOdfZSDZyIjDn.,true,true,true,true,618
537,lpimblettew,$2a$04$X1fD2dVwYxdWvLBYmKJh5ewfG8uvLMEoaVv6IA6uN4OFf2/iBz4A6,true,true,true,true,757
538,aabrahmex,$2a$04$T516W7D6Wz/d6ccsa804Zu7DZOkYGY06U9nJJDO741AoW5wr6gzZW,true,true,true,true,547
539,gaveyardey,$2a$04$xvcBBHmAE5SNzC8YpjMMAeeQiQrjx7bUrXrLhp.opUGqNQPBlzLV6,true,true,true,true,544
540,jskillez,$2a$04$dYnn5cCnffcjwxWA4oydr.v1MEEu7RYTWzmNYQL7SucxWSnfd3v.W,true,true,true,true,204
541,mkohrdingf0,$2a$04$UuyZuPZpe7fxniiYRnQXhuiVJqBDAR7dzccldWZMr2FjCWg6iKzXy,true,true,true,true,460
542,rdibdenf1,$2a$04$c.rPCKgv8vyyIxKTQ1ILwu8m/nlGcmIkfqo.M62gEyxLkVJDyqtJ2,true,true,true,true,185
543,mrappf2,$2a$04$APEuSMwqTpmvrK6J8PUIY.l8SW1OVeHfhSxtTjx/GIVrdWDZVHmOm,true,true,true,true,708
544,bpriestf3,$2a$04$sEp6K0rhO5sCBM3JEBO4vu.aDsWFCROOSCEjXxJjHM5V9pN4hwwjO,true,true,true,true,411
545,mdrinanf4,$2a$04$nk/yV07Ntj.iGsT.MMnCYu3hvYkBWupDqqaLDItJRAQVj4kExkV0e,true,true,true,true,533
546,lkeachf5,$2a$04$SFD0lZLwfu8F.u2MSd9xNOhDdNHZnq41yRdJwxoC04xPpi16XSlPa,true,true,true,true,660
547,khullsf6,$2a$04$X/GH0osSYnNtF0Xi5Bpt2.XdgrIHuB11g5JPJBRhP7/.MN2h2pDSK,true,true,true,true,471
548,mrobbertsf7,$2a$04$xT8jhQ2hIGUaDUeSbJumEu91ypuJZjjp09WTNS5JI2.ZlmUE3JFzW,true,true,true,true,751
549,rdebruynef8,$2a$04$4YyxcPb4GGXVmsPSP2PK3.MAgdoHPgN3tYnrxB2R2b5uIfCzrVw2K,true,true,true,true,363
550,gcrainef9,$2a$04$9AJ1TcsxyqNcVTitMeqXDemh0qP6ls1Abe3rJQ8vQOAhkWdS4xsPS,true,true,true,true,974
551,ggeibelfa,$2a$04$zzlVAX50o1uRPcVQQJNO7OeLgiBEYn5CRDg5GB7//fjCoS5LdGvYy,true,true,true,true,119
552,klimprichtfb,$2a$04$pcRvLiuaTj0aXwqInNwfg.gaMBIulU4Da.WzGSKwwFaHkQIQozJVm,true,true,true,true,347
553,fpulferfc,$2a$04$8atVtWcp4qT9dOOqP0L9fupgMsL.rio3jrot/EDMMlUvmnO.BOJhK,true,true,true,true,584
554,bcreasefd,$2a$04$drQuqnbf/MNq8B6ZCudm4OGuIaY3Mp4aZYOnkERGfbgdqIplunk.G,true,true,true,true,105
555,tdurtnallfe,$2a$04$cQWJ9BHpw51OOKT6hmLiveFGUijjMBlo83U9VqdjFX62XpMznAT.2,true,true,true,true,91
556,evasenkovff,$2a$04$jRfUDGQC58jXqXB8oiyRTOAo4DDmkmjqk1ftGDAXFzXo4uu0hjybq,true,true,true,true,88
557,tholywellfg,$2a$04$uZDPbFWAhKEHnYJ5k/oi3uqerxtFVJR56fGVurZJcaAXL1VS2UNqW,true,true,true,true,803
558,againefh,$2a$04$R2wGrV/S3Bip95Wcc6SY3.zFbyUsqvvknLFeMdknS3Sy7HEh/sLKm,true,true,true,true,92
559,dpedgriftfi,$2a$04$pWDBSzDV7EbAE5LcJAzsTuI.qdZngiDKt2DjjdlU0S.FookoWqECi,true,true,true,true,881
560,bansleyfj,$2a$04$B98QsF/P5ac8iG92bh4gGeUJyF5EciUG20o4EWBoAf0ViYvxSFWeW,true,true,true,true,28
561,jfirpifk,$2a$04$eJaNvwU6ymv67BdCCK/gMOeuTbcw6xtu36ccq/GM6Jeh2CTpac7Q6,true,true,true,true,818
562,tgillaspyfl,$2a$04$nWuQAMmEFkyx/Mxk39Beau6F7BOhVnB8WGeh6rTsy26ps1d8fctbG,true,true,true,true,32
563,nlaylandfm,$2a$04$J.UejyDIZNeOJkpAhCfFGOUg.BVIHcu8nsstj4Hmmlh6XmE6scEyi,true,true,true,true,692
564,kaucoatefn,$2a$04$VBMilKh18MIZeza5nXz70eTqLCskbrATyAWML.Ae/1OYrmTZBXtDm,true,true,true,true,399
565,kkinglakefo,$2a$04$bOJZ9LMUtVVWA/XdqK.XyuBH1jy4dbCXv5O6Dmo/p/Ge/qDIr7dka,true,true,true,true,915
566,egwynnefp,$2a$04$kqtZ7hI6iHWDy8coUa80EOo.Z1b.WIPJlZ9TmUWkJQavuEgsxc98C,true,true,true,true,963
567,skeysefq,$2a$04$oGhaEwoi2A6ZCl4cWPnTVergCg480pRopo4.C2vW4Ed9gxZrWOLOy,true,true,true,true,215
568,tmurfillfr,$2a$04$lBf69F3/G/C0kxkt4ezrG.DIKd5JOsiK7/tQBMLzOVtncc0mHLLPy,true,true,true,true,514
569,cgreenmonfs,$2a$04$jjwI39cnmDdR1XZ4qrTA8eSVl6qyGYWeyn4wr7QR7.dq5Dnnhrly2,true,true,true,true,100
570,tmervynft,$2a$04$DcSpgMC8/j9P1IkK8lKbfO0jKzPxhuD8CxR27nj1U5DEinWGRo9cK,true,true,true,true,296
571,fpomphrettfu,$2a$04$h.kLKMH5fH69kW8JPtMkzud5Yk6G6K3fYIcfhgDKgt3TWXICXHGcq,true,true,true,true,125
572,cantillfv,$2a$04$TCYKT6c5ulfPDeFt/Xtsk.E6RhRQX3cNhPqTa8Cz3iz48EyoBsFau,true,true,true,true,119
573,sbarltropfw,$2a$04$ijpSe3x0gDiXdSbkhZZXJu1pN/VVOpdN8YhsxtB/i9foiVE.MARuu,true,true,true,true,876
574,pmcdellfx,$2a$04$fgVFEoCXxpyM./zGUV5BTuCJCOQSaSgsTNYbnG2/DjkzA4ppssa8a,true,true,true,true,241
575,educkerinfy,$2a$04$gBUdlRXSXvSS9hE2ZUVWYu2Irn5ifKqiHOeEKQxDSWZSlszRq2mlO,true,true,true,true,268
576,mseggefz,$2a$04$Y/IYlNgkBBuZwlHUPrqp/O1KFA.1SBjDshoWqUQFlPPSyo2Dc2yI2,true,true,true,true,780
577,bdellenbrookg0,$2a$04$m5ENsLOqVvqnmTe.L4krRuA7vRHNYYX05G/Hezcv.LmYGAITl5pHS,true,true,true,true,235
578,esturdyg1,$2a$04$H0CKuxQ3R43kNQnphytJQe5QSicpNXCDMJjBBtVeDLWCTiD.SZQJC,true,true,true,true,165
579,mbernardotg2,$2a$04$sEiV3U57HxQXW.hShANXweXaN6AgLxre3Fe2XxU3872vmHINKZAlO,true,true,true,true,747
580,gfairlemg3,$2a$04$8/7NVB/q0ICd8kvQtb2roOcMFDr1xaR.6LYn6kjFiJ5mlCjjhdsP.,true,true,true,true,279
581,egrafhamg4,$2a$04$.rLuE7ZaTp2uoh98S3qFOuIjXBrv6Gcqk8HoOb43fCBG.9tyICEce,true,true,true,true,463
582,msaggsg5,$2a$04$QeSI1qQB8d1d7aai83V04uPaO6YFPiMgb/RtNdUpH/6JtKQbtK/Nu,true,true,true,true,439
583,pbiggadikeg6,$2a$04$bKKkTN488byYFl5NFen3bOb0k/wY/xuss0zDmlCJd/ngnTEMGfMdO,true,true,true,true,4
584,pskocroftg7,$2a$04$AbsSBZgUlDz/BiM86EO7Wu781fn.n/Jahj1Ry8qgU7KFhU6L95mqO,true,true,true,true,107
585,amaundersg8,$2a$04$.EvZacRXqIXiHs5LTYP5duTjVB.eBo1cX4dtwAOd0Dx7f59j8cijS,true,true,true,true,191
586,tdonawayg9,$2a$04$q8giQqaQgoauoNMGbZEefuaJC25M9uxAi6FUr5NYrO3et3pmvzSiq,true,true,true,true,767
587,danthiftlega,$2a$04$67UnEo0GUEeQMv/lncAcc.x8ls6Y36pt4yMgdcBDnY2Csytp/XNdC,true,true,true,true,742
588,kbartczakgb,$2a$04$gWelngEw9D74D7GMnUgI/uv6iUEw7J1XL9Q6s2La4teBN9z3iRe4C,true,true,true,true,508
589,glyptrattgc,$2a$04$Ojsj4v9zcYVV5NUqmnmld.mY6G2puMlW8ITx.zTmv48uiqnxWG36G,true,true,true,true,582
590,sjacobowitzgd,$2a$04$rjGF/Sj7wBNzuZkw/tOBzuXraiwo49aNlEJvlmBL593FEaUwSP8ku,true,true,true,true,305
591,mbaglowge,$2a$04$qVBJZ.cJp3WEbn1zjNkzSOgO96M6M38.KwLaBcMC/iEVBpJQzaPhO,true,true,true,true,161
592,ybalbeckgf,$2a$04$n2XQuxFLLfiJHWlchFzNPuyQ0Ck11aq66/2AGJ7w1KzkT0oS4k/zO,true,true,true,true,453
593,aduckeringgg,$2a$04$LkloB1Qsvc04hCD5pRhu..QpTc1JDZwNJKv4cG3jfSysGdDOHU7XS,true,true,true,true,496
594,hgricewoodgh,$2a$04$E48btbXGLHZrOg9fS7OftOC72MZzXBMBBiQg0Zzk2HQ3SQ1Ro4q/S,true,true,true,true,301
595,sbrunkegi,$2a$04$reeYnC1IJkdc1FIuzAu3C.BX.eI1WrZuG9Xl1DTJPPNUxtwHu0cK6,true,true,true,true,385
596,cgregongj,$2a$04$wq4eAftcRneAxYqWztiX7OnlGzK2utmZy4FcIHDB1Og2qJg.0lf4e,true,true,true,true,84
597,nmateescugk,$2a$04$hS877p9KoWpo4bjI4phNO.kB5nEchPZeLu/DIpKOPuVfIxFnQZDIu,true,true,true,true,450
598,mseekingsgl,$2a$04$hd9ljYqBdgQT5GuIILYKJew5QpnabwzGqUBREiEBVD/caOaWfoTre,true,true,true,true,802
599,jkrzyzanowskigm,$2a$04$72BzwPhV5h7zB5LDpS1aB.eSahYQtfq8OM5mG/MbzIXjMafECk50a,true,true,true,true,456
600,smcgeevergn,$2a$04$OuomQtwfL0zg4Z5/m21qcejisbGHGm3dwsDzIx1hRN.OOO5MXpZOK,true,true,true,true,804
601,tfaytergo,$2a$04$EU7FuGck9R6EPXt8uIBiyOykEAkns/F7U18ouXKbG0t3svVQV0vqG,true,true,true,true,16
602,ghubbackgp,$2a$04$BX8d7sSzo9nKYPyQ.elRo.u9FCY7QcsUJ9Luu/0OQ86lXDbYCcffm,true,true,true,true,396
603,ilacrouxgq,$2a$04$9qfhQGm4cAB0H.0iiMz9Hu0vCSOfoDbBjRDrfpdX9L6fHP9OMM3x2,true,true,true,true,2
604,slatehousegr,$2a$04$CTF8Zk.FPiIZuZMcOqU.H.33Fv6r/rwBShhqdU6z/yiSWvYpx1VrK,true,true,true,true,993
605,rislipgs,$2a$04$0ZxHIfCuTiTz0KP.MeaUmOkeqdeDIvs5qnjD3JUZ3l6qMD8hkwLPu,true,true,true,true,856
606,wvlahosgt,$2a$04$izWJjVCqjQaEwPXWlR8.s.VYH3q0EpUC.gTRV..m9fN6VbQGo4O5G,true,true,true,true,683
607,kawcockgu,$2a$04$ZVoksLR18ZUImKHE2oWD9eLUVCjwmKgxjtRwEA76XV0ARqU/36vNq,true,true,true,true,991
608,anorawaygv,$2a$04$GOEgzD0gfcM/MrEaybyBoei4Y9thEVpTGKBF3S.E0Fac7A2n4lY2S,true,true,true,true,795
609,chellergw,$2a$04$f4cU2uQoTxRz0lXyWjlZs.XNi.jDN.wrtWfPmXYNfkEowGMs9r3E6,true,true,true,true,175
610,cbonaviagx,$2a$04$I9cEaIESTSmhfwiTu1sP5uCkaYbRxmlXy8QbQi0q9Qeuj/Zf4cj.e,true,true,true,true,111
611,mcheersgy,$2a$04$vlJKhw0YU9rvv6RqIA4D2.rSYBJhmqy3sZyn140Q/rf3DT3u7U8JG,true,true,true,true,445
612,rbraungz,$2a$04$IkKN0Yzx28kgqdIf5ZHjzO87.bX8PTxZrMspNPBY6eWYMegZ5LKf6,true,true,true,true,553
613,dstradlingh0,$2a$04$GrjUaGH/I8BF0N0AdkZKH.SHtFFKLrWhdv2B/iJMc0pDdQbGRjfl2,true,true,true,true,207
614,dmcilraithh1,$2a$04$H6w6jHtBv2O8RuqNrWvIBOfXVCMdI.2eGHdmZXXG5eg4tAITCGDKm,true,true,true,true,378
615,dshadeh2,$2a$04$etSHTT34mGDYOiXxxqqmjehlXNSTbNhzz3Zn132JR2.mNnQcybRX2,true,true,true,true,740
616,gmuressh3,$2a$04$I9IVRjtMMmr4CBP.gN7tXOMrnRp57kWV79PTYEkcicX70YROU35qO,true,true,true,true,684
617,fstpierreh4,$2a$04$q6Os8HaC9D7nA0m.YIRNXOgDNmTciULLp5xpBinGGNw0Se4uSGHbC,true,true,true,true,196
618,hmyrieh5,$2a$04$.m.vnon8dvGZ9cNDiRX4EuoapCOcgP/DOIYiJ0h2jkIk9HRuVT.B.,true,true,true,true,939
619,fjanoschekh6,$2a$04$l7gXXp8dmyzMiK/o4KJ8vOeZfwPxfEEICfuB13pl2OZFDqjSkYOY2,true,true,true,true,930
620,pgrunbaumh7,$2a$04$B8GAc2TKv4A9Hm4lUy2aYu2ed.bRmrVYlvVtU3XS4zW0t6Vj3hv3a,true,true,true,true,168
621,ksullandh8,$2a$04$I6PTFjWDeu8vX.0nrv1tu.xRU8TZ9t0T7KaejumcyPCEEJPTrOCIK,true,true,true,true,698
622,elukasikh9,$2a$04$3NH3qC.JfScnSSWesHxf/OPQO9wmf087MbxdEUCIYs9ITvFS1KxAW,true,true,true,true,131
623,bclemotha,$2a$04$1PtBSa8lCPMHwMqXwVJUYeSwTDJuPMIC3h9hrf3MIGKPcSMroHRWO,true,true,true,true,215
624,rlymbournehb,$2a$04$noSLk5ZW9AnnLAIwLZBYhej.7sp2olH5TVlZ41h6DOPFi/9Z/InRu,true,true,true,true,630
625,mbanasiakhc,$2a$04$dQF6Qgmhthyuh/k4oW/oteSuCHxegx.jD2oE/xABl1kd2uDuBNjCW,true,true,true,true,745
626,sdoftyhd,$2a$04$Y4orCXNHovnmZyGpNT/X8eDWJDonX6zoNron0VzDFTBajfrpOWwXq,true,true,true,true,180
627,dauldshe,$2a$04$Gx.mrZbS84ec2RVC.FTiBe.KQzkoRjraYp8QA7PST7trbEAUt0S6i,true,true,true,true,257
628,ldeblehf,$2a$04$3mRVW2LpXC0lVp3KeVJXDOKYeZwgOgruScOoIKHwii5N2NhQPVvLG,true,true,true,true,981
629,mmirrallshg,$2a$04$bnjJCvFZpYQA11/AfKZmG.eZwRfcUzVb1X9m.zGJPTy.Ho1ORLy6O,true,true,true,true,586
630,abettingtonhh,$2a$04$V4XdAoLXv9ipMDBYPSz.Z.NUi.WRKEKoZ4uDwDbb/hQSPtw1qT4UG,true,true,true,true,132
631,kburyhi,$2a$04$mS2I/WcypZllga3En.Ok2uNIh.nywLDYCsZlyG/Tix4xZyjqjqnTu,true,true,true,true,329
632,lpiotrhj,$2a$04$Hd2.vE/uWkMmnnx5bf0T.evbD9uW9NdTcYbcNJzy8uoZwYssoAzaa,true,true,true,true,841
633,fgilbarthk,$2a$04$wBOi0Wb5xoFg6lfO19rWxO547iLHWkVdKjiSrzIeu2QCDZG2CXjy.,true,true,true,true,956
634,mkeneleysidehl,$2a$04$pOOnYOUcRLNpipHP.px77OnZTzW5R6T//4aaMq3ZzQjJmlw7rtgIW,true,true,true,true,381
635,hmesanthm,$2a$04$NCOiBX.nPyQV67s5p5v/fuNJeESD6QBDaeP6gbI46nFplwPM.vf1u,true,true,true,true,956
636,ldumphrieshn,$2a$04$53MRj8WtcLqPQkFkhMYfT.fhE6eP4hq3aNw5cAdNbQp4m38L28Rl6,true,true,true,true,320
637,rgromleyho,$2a$04$1hhDqHPJPYS81cKRB2bAluM78sUdq2suv.YcVvb7U2i3FtSx4bJga,true,true,true,true,545
638,mdaniauhp,$2a$04$yKQ/ryUKDdG7oMoN2Lf8TOWD6t6k4lROCKGiYI/5HogQoGRvBa/t.,true,true,true,true,204
639,slindeberghq,$2a$04$QODdq9PC.w0iD2wqSAg9Durs2CpzcK90pA9gg8arMEx9rZn2zQ.ie,true,true,true,true,958
640,dgethenhr,$2a$04$AzX5uXvsjWUFq/ju8kSU9uXSaUFXaFwITVUISA77Jzb93UMwofeu.,true,true,true,true,312
641,bkringehs,$2a$04$G7RIONK4ORY331dkS2s8Me1DqU9gP9Sx8GE403Xckkhgkp4jahn0O,true,true,true,true,384
642,gpilkintonht,$2a$04$UB8R0JKgDWtklLb1jFOXgO2kyQQMhbtmLQ7RY9n5NV9AlQ.2TDYLq,true,true,true,true,565
643,kgarnseyhu,$2a$04$B.gWj/rm5DGJnflZt4cop.SUmF7YyI6B8rWY/UZk2/8YUK8HvB4u2,true,true,true,true,30
644,mroylhv,$2a$04$IPRbKukdvQs1ff/OXQaekOdSsvxhWa5jksVupdMltjj8.WRyMVxt6,true,true,true,true,307
645,kburgherhw,$2a$04$00QU94mv.4PflETgNDPd3OYs4wAdLbM6JGr9aEtorm6uMyruoLQnG,true,true,true,true,153
646,bhalahanhx,$2a$04$kE73hN2ggcJdIv/InPq7vOFEnQYMPEUy4rg1ngSaRUd9vW1oi1gP2,true,true,true,true,409
647,lpadberyhy,$2a$04$qPN/Tt3Cj8ivbhpAnHq3YOsCcVuNCU28dqLQU7l8IQ0wHxdcxCinO,true,true,true,true,707
648,hmashhz,$2a$04$RjZByvlW8wpZFcathbsW5ezLuc2qOVKgSWS8FNFr7cQayvrSZidXq,true,true,true,true,530
649,msancrafti0,$2a$04$VGHvK3XoJ/ZfMGkXzZMkEuxHF4AfDw/VF71bFvPVpM3J5TXwt2Cm6,true,true,true,true,897
650,rbroadfooti1,$2a$04$vWYn0NUeK9/iBeRWOAuC.OxUkqTNZdiN5OZ8ttKH5SpEZPd6nKkeC,true,true,true,true,750
651,jstellii2,$2a$04$xGGLPij/PvySxLR1zXFa9e/f3YGx0A27j0O504QsntoKAqdEacTXi,true,true,true,true,146
652,egiovannettii3,$2a$04$oSzTsCPJGNEtSlIPKjCUR.GTkveaLJ9bQ8n1QAHp3xei38py0H/SC,true,true,true,true,59
653,obortolozzii4,$2a$04$TZyecdMxY2aQoEcYN8YBYud6QTuXpIpLcAQwQdaexV2Mca0feE4o6,true,true,true,true,334
654,wredfordi5,$2a$04$/QAhxm7pPiAXoLeE.pg6MObJ1Fnt14S9J3ecn/6WsA1tBIQG31jW6,true,true,true,true,242
655,vabrashkini6,$2a$04$DnzbfUgeeDRg1R3G56S29.l2HOWlNB6ouqB9pxfT0O4.aBYxxEbny,true,true,true,true,101
656,aroebucki7,$2a$04$rwcfgG3YpTS0FX80spBJ6.s0pU59HFrVrNlyxSDFGwASB8HDEc9WC,true,true,true,true,770
657,rstiegeri8,$2a$04$AXK7ZCKEy0DO6Aeo6xp8iOjpTwEIJ/Y4up3mhdFoHOmmiU.rndiN2,true,true,true,true,536
658,itraylingi9,$2a$04$bSYLygikIyo5OjAc04Gh0elkZuyYlygTSmwAyqV9H9nWinH60./Tm,true,true,true,true,495
659,abraybrooksia,$2a$04$to8Ai5pV4EuQpF3oXP/7VusWFieh2n20a.pNcgBeho/d/Ggj/tGJu,true,true,true,true,175
660,dbrodeurib,$2a$04$lZknbsOLBEM.B/RSCq8uku3LEGAQfIeKpNLHgwqAbwIAivmQkBekq,true,true,true,true,914
661,sboudaic,$2a$04$yzTE2rTFcJJJgMSF3M.CS.aJUfHK796E0OPgiNgl.1ZbxVnHSomCa,true,true,true,true,875
662,semanuelliid,$2a$04$ZDuPF.m5ucZCDswWqPVVHOzRyRpCY3zA/KWvGg4vMAumBqSpexeLi,true,true,true,true,232
663,cwaterdrinkerie,$2a$04$WZP3HQvL9gn.zGx7ZL6c3.pfFTzTmp8wO2YiAKf13lXttn4CEBHWG,true,true,true,true,267
664,ehiomif,$2a$04$cD5qheodV8G9ZDpjUkoYne2bFbqBNpfjwLyVFva.kCKKEniUKcwp6,true,true,true,true,229
665,bbettig,$2a$04$p/gJyO8vzEh9u5RU8dOL9uhTIRV6IXJJ7GTRvnsEW1AknPmyy5nka,true,true,true,true,628
666,mpilipyakih,$2a$04$mZgtVWIgyYKLvU1IGBjOfeG9Joc6NN4Jpg/2gxyySBmz/1iBe8AjO,true,true,true,true,382
667,zflitcroftii,$2a$04$U2bpAktZozs6D0Fj4PsNjetnFt9ayYi6qyMe3rpBpuSISoBg85At.,true,true,true,true,923
668,tbartlesij,$2a$04$KXEnlsp9TQAONei3dWPRgOl9OlUmUz3gv2MuIRZo3FuRa5DxY7cBu,true,true,true,true,594
669,jconibereik,$2a$04$W7X58QsNAE8CLezC/AHo6O2PYnceKTfQdgvnUuMFtJefWtxjcggYi,true,true,true,true,229
670,mmillimoeil,$2a$04$0Z1p2vGNkeUpga6GjiLQyOXAP8INwpY83WdaNF4r8tPPb8VfsBaqy,true,true,true,true,176
671,rsugarsim,$2a$04$nG7hXuF8Txbyciw6ycEnv.uIaK.bFjszqijAKxPV8.kkUKQbfyIhG,true,true,true,true,491
672,rbanthamin,$2a$04$c3eRZKwYbAA70A5IjNQ17OgZ/eZBHdT8WUunekg5QIxlp8y7ZlDZS,true,true,true,true,469
673,pwinnio,$2a$04$FhfkQ2jTfs2MiFUgRdB70uTWYuODhR.lm6ysu6WRzSXMP6Kzvi/7K,true,true,true,true,672
674,fquinnetip,$2a$04$2O4RtwHDGz1UFTQd2gktkeZGOAVrhXmDQYK0o3vBqiyV.mfnUFYxi,true,true,true,true,514
675,ibernadeiq,$2a$04$IYqgk63mywarSd0hFpEKvuFm0j0VKz5sFwv7QRynvYyMMnBaIu1.u,true,true,true,true,357
676,gosmantir,$2a$04$RP/qCDAfPAotsWkQ7T8WX.4tq852Y71N6IzlsP5blbwqRfXSHOBga,true,true,true,true,383
677,mgrevattis,$2a$04$I9svd2fDaxCdmFb3gkagj.HUB9vcNa9qV2ncusoz08VWiIIx/45cq,true,true,true,true,691
678,jplampeynit,$2a$04$Rf9.1//rc4ws9rQd.k/E9egPhI8bspdaKDk//HFKAqcGV07BnYmZK,true,true,true,true,533
679,oladewigiu,$2a$04$u364S.rS0YjOxy7oKRT/J.nNMeTnVWCAuVf6qE.XWQJj5JYMs/CAe,true,true,true,true,801
680,cdonwelliv,$2a$04$HAAHhb6VXQ6h3uJJOie2EukGrZ1CL17/6dElkAUm07oZ4Ro32AxgG,true,true,true,true,227
681,drenaciw,$2a$04$JE1KCKqvc79gaPrH41pDCuOlEKTF3q85eAl01zRe4/l3tdB95BhYG,true,true,true,true,580
682,aestickix,$2a$04$9zreCC43p43HxXN5jwn2U.R5gYFZ.SYg8ImADg2S.Nl9ncpwcAFnq,true,true,true,true,86
683,ktanmaniy,$2a$04$/uf/sf5RJ64xBh2v35CvGOuAFFn27DaC3eJdX5sFhfZFbHHixIEBO,true,true,true,true,886
684,nwaleworkiz,$2a$04$Ss4UhkDkCt13ZKOugGTMDuHUCxk8iEGRszUqh7xoTpqSB9gcwpAxC,true,true,true,true,649
685,cdunkleej0,$2a$04$Mj6IIUpHuugi6YUDmzrXOOLBq/Vf6Q.5NMIeZ0LhYwRgaZomPhXq.,true,true,true,true,475
686,twardhoughj1,$2a$04$lImEjfUbQ5anQztC7633seMNqDFEDiNPeW78H5zv2Glz8Xg8ELpGq,true,true,true,true,744
687,rgeej2,$2a$04$ue1HA13u2IxOG0AZQURv2uJHi9YlquOEPNMMFNlYmipima5ecC0wi,true,true,true,true,166
688,aeirwinj3,$2a$04$JPAciDSpYbVU7xrRSRsOPO0cTsu40xA8VIR9c8mIoEUyZFv20SW7G,true,true,true,true,195
689,ngowlingj4,$2a$04$UFwoSa.bH.GnvsbaqZIgj.EStnbGqJkPjJU2NcEEW0Tus7Wy6zETa,true,true,true,true,805
690,glargej5,$2a$04$8Q4lWEPus6MZQyReCN43QesOQ8FGpXURQVyEP522RSVRzNWJEKWvC,true,true,true,true,784
691,smartinsj6,$2a$04$EgBdWr8D7XpWmvBZiiYU9eoWwfIY8N7v5ZyhFM85gAWfQKCkbbs4u,true,true,true,true,175
692,dkentwellj7,$2a$04$5Cwzn430wLR58YWTZBMMUOGlEAVx/vuLXfcdGpshpP6m6GGTg204y,true,true,true,true,798
693,ckorbaj8,$2a$04$ktmOGxgCvxbv0t6f6aOAL.sh5YWQIIrslUFdU0CEQQ8jE79Hj8tC2,true,true,true,true,386
694,askeathj9,$2a$04$vXgR7GUwJFm3tkg0Q1EVsugWAMD064KfVGfPrp1nOAR5f4jyseRGS,true,true,true,true,930
695,ihugeja,$2a$04$zGXJSuI8hM/bN.lav2o4A.P9FGfWwNDyoGzja/kVG28SFu2D.JPl2,true,true,true,true,923
696,yunderhilljb,$2a$04$joaU4VEWFf1I3pTdkfWD1uoxLUA4QlW3toPjUSBPnfEhC.E9U.Zuq,true,true,true,true,269
697,rbiddlejc,$2a$04$Xt6sr2CTJriTzaA1PIve.utVSMMQFW0hvNGgIPn9JIOOuHG.BN69.,true,true,true,true,659
698,aspringfordjd,$2a$04$7qOwM.v3k9aurKUtCwibBuTaYqZHRU5jDL/rxjfa9uhxqzNvWYtXe,true,true,true,true,523
699,tchrystalje,$2a$04$Dk4y.qMgoLd1/D8vbG7W6.H6UZbxcfyOCjG/KRUXZxhV0kU7ARwtm,true,true,true,true,128
700,pugojf,$2a$04$YR10qDI4P3z6lDrmC58Ye.XzTJ8cMHpk5OSz/5702eVrs4wS1MoZy,true,true,true,true,874
701,hsewelljg,$2a$04$NLoJFLsGNqPrx5Gl0PWnhORCjHtk9XgFPyN1Bx12zpZrhr.3VMKxG,true,true,true,true,275
702,gortnerjh,$2a$04$mijMXB3X6mIUL1sr2VaZGOHZDu7lfjWzDvL1Dez.7SpOObZ2VLY0.,true,true,true,true,370
703,atrounceji,$2a$04$OZh3nTVA8cZshTQ5oXZY.e93Cd6BkhTUaY6q6.PmPw4U.ODBquLrm,true,true,true,true,602
704,sadkinjj,$2a$04$z6Ah9vYZTgZ9mjHqSU.7k.D03rb8VmFghmSpUVl7szMFiac91iatu,true,true,true,true,914
705,glindseyjk,$2a$04$O19yld2fz.yz1GT6OjDIHu8IgoyjkPUnT022.I3Dllc03PDAVRPga,true,true,true,true,334
706,ubassingdenjl,$2a$04$PYlEEx0QdrChZXyiDBzbW.mEoCEYWOvxiUbBqhC4ESlbScttiZKsm,true,true,true,true,315
707,eshoebrookjm,$2a$04$XVs9FuCSew9rXoNt4ADyuODx9SrBi7n3z07TM6FUcqNSFvatXZ9L.,true,true,true,true,681
708,dpaigejn,$2a$04$cQ2U216y8q88bDXSAhgRyuSwfnpEaK8eA/wX3ufKX.Mj6FwzqL/BC,true,true,true,true,298
709,ccumptonjo,$2a$04$KUZdOt.OUQGrlU369Ih1T..jwyGXOMilnEQFA7s9lUdnJhgE7PyO6,true,true,true,true,293
710,grathbournejp,$2a$04$DEwQJIPF7DIj/5tDLZqibO.5lNBk1uk6knls5Zp.wJIxllOMx0kRy,true,true,true,true,38
711,kpywelljq,$2a$04$N8BOVV.GLVZlfyp80.8vVO.XYUPnOERvpU24vV/THXNkcEXKajgiq,true,true,true,true,104
712,apfeifferjr,$2a$04$ZwL7Gurm1suFeDQauiCIW.nPmRJmjy96Xb9SQKi6eTpxcsfVHAcmi,true,true,true,true,684
713,ccasarojs,$2a$04$1ujt7Ze5T4TY.lzwwZ87vuFuMjZYNaUUjR5sJPMdo/IDj6Hmf6Udy,true,true,true,true,874
714,jbedellsjt,$2a$04$e8cfKul1YRhpMtMRZSRZLOeIMAuQ5D3gx8lmi2OKuE9TdReaq6oxK,true,true,true,true,88
715,orhodefju,$2a$04$xivPrVvcd6K.d6RkKozXk.OaZYIEpw8SN3Gz/8xwoWf7p.Ypc5jP2,true,true,true,true,538
716,qpoulsonjv,$2a$04$S3udM1Fv61uv/cW8ctV27.nwef4kmZ5SbR0SLWgTI977aEeOomgrC,true,true,true,true,919
717,psorrelljw,$2a$04$9x.AqTHSeC/08sWPnz3LueZAFrVc2Nzp269TmmsYzMTAWPiTv93S6,true,true,true,true,971
718,fwalworchejx,$2a$04$LO5D20i.cfz1ZbM9BQS8bORk.rn8oPve8ZiCau.nUMPgAHDoZVRPi,true,true,true,true,446
719,dpavlasekjy,$2a$04$xVNjvILrhHK39WxQ5L3ZpOvQ/5wpmTVuq9QjWeA2UV.h4Lj1uiKAi,true,true,true,true,497
720,abeinjz,$2a$04$.y.U.OhShRGng0YhCRnPT.xRNVouQEKF5zh0U9HeJixkmqizhAUXG,true,true,true,true,925
721,mkaubischk0,$2a$04$KaOOeVw2V9rb811pX9GtZODE1FoUo7VEb5TYdyrDg1q6WMt3kjmwm,true,true,true,true,361
722,mjosupeitk1,$2a$04$QzxZbnAfKDUJ1VTD7Q1rDuIwVYfc2L3/99Lnpnr8OT0u9AS04ACwa,true,true,true,true,557
723,bbeilbyk2,$2a$04$oxB59e6Chyj8Y5OM671yFO6wb/SBIOuoAdu/bx541e3BqaBYUX62W,true,true,true,true,668
724,dplaydenk3,$2a$04$cvSIoDgidlil/gPVTyyfTu3CJuoUEsNQkfoOPvPpVVORZthIAA1JO,true,true,true,true,963
725,prenzok4,$2a$04$M/DZy45igWozoaSjG.CHpuBdtdyQ7sucfDBdIBQ5./XMxEhKH6WIu,true,true,true,true,931
726,rdaglessk5,$2a$04$TlyMDFnmaUINfA80pnJYMe07zajazXXHfBoBXZDVbCj5eAf/hyuU2,true,true,true,true,47
727,jspurmank6,$2a$04$nMsr0/Wjy/wcWYDfsFiqvOp.FseB5T0T3Ia4.w5RWf2VRWr4eFJpS,true,true,true,true,811
728,kastlesk7,$2a$04$TIB8HRc3rQn9xWzlPHZpD.5fIuUX2oJUs/xQIU0PO.ygtjkaiMHkS,true,true,true,true,310
729,sbursnellk8,$2a$04$u08tEEoTZoGsECam3aw5o.8iyCwmz8.zkaYdR5/XJ5UX1Y4KlRU6y,true,true,true,true,346
730,wmateosk9,$2a$04$opQokm0qCQjdY2B1evfrOeX7Snob07mPCJlxYltfWDEKY0QvgEniy,true,true,true,true,504
731,rmorbyka,$2a$04$bYO0Fh8t0gLwjrDVXb18VuJHWrlK/37BBqWm85KsspXsJ/zFCTROK,true,true,true,true,956
732,eskellenkb,$2a$04$YaEJjWDydsyRvZPLv2CUQO1XheDGwHfiwjbN2ItMndau21K/s/R5i,true,true,true,true,574
733,temmerkc,$2a$04$3vQUEBfRMKcX2lPkIvbzKu8P/foK8s.w/NQbd7GK0ieTsIFd0mLaS,true,true,true,true,200
734,kniavekd,$2a$04$AMot/xy48P.NtSCd8d6ubunqqOWeVrwI2UKAAtBpobpWN75rUBXnu,true,true,true,true,535
735,cepiletke,$2a$04$c4.echVvJbER3SSRwySDteE.mIjmJF1mYylNfwChyL6iEI7OQXpaS,true,true,true,true,794
736,kpoppingkf,$2a$04$93T75nEc0ugi/2f5ayI98eJ.KqUO70UVXFWmQK2XPNNZ4NC3ht.Ni,true,true,true,true,728
737,gluetkemeyerkg,$2a$04$1T1UzQtEPRqdAqFiWByVYes680qSDJh02MbNpz1ifue4gpOC/KOKm,true,true,true,true,526
738,fartingstallkh,$2a$04$Hltyw2q4yfVwrKadvRm4cujXL2xT7t3HLvw0rnqdJS8l.5GtdfbEO,true,true,true,true,382
739,jsherki,$2a$04$9GQVgoEvoRdnsuJyQp7/U.YN4qXQcUWXQf.lXZR99YrOwsqxhskz2,true,true,true,true,283
740,rgreatbankskj,$2a$04$Pinc8Z0yiDkr/NcMn4yJx.Ul53Y9gb.jpJHKquY5imGgdqWKOXoI.,true,true,true,true,160
741,skunradkk,$2a$04$jN2NOaJ2tuviGl.V.pLtFe7Obk0ZUJ.uc4bLmkfDCu9w2R08ciGoi,true,true,true,true,67
742,smatthaikl,$2a$04$CbqQzgnCVQkDMWmx8jBxrOMuicXDrYEfYtahe8Lpmb9KXiU32.mEq,true,true,true,true,561
743,bfrenchumkm,$2a$04$kVejgoLKyEpcNZWpAwvvL.xzMoCeusXukDFXTMsoHfyCe/uCz7eXa,true,true,true,true,757
744,dpetersenkn,$2a$04$kFIdf6Lcv4pCI6ye9XULUepe/Fudo727Ub0cHgQhwI/OBHlsWD1U.,true,true,true,true,157
745,imerigotko,$2a$04$WE3NbpQ21q6EAHSjvphnqeG1bSnnJjwzIvUGsJRClqQYx4pHbqiGG,true,true,true,true,217
746,qcarrierkp,$2a$04$UET/huLnT7e6iTvS6IPWGOTBlHM9XNN9XN0nNg6We4xKValH3M4Xu,true,true,true,true,121
747,krubinkq,$2a$04$knguv1dd9QzMwXarH5GMHuHYz1v1DnNhfS/lpkM74jjnyB2ZDlppu,true,true,true,true,478
748,gchilderskr,$2a$04$ZOedH24QNqAo9JWkNqrtCeb6Luq3PR.3iQ4k9N5V1Z.zRP8LmWMdq,true,true,true,true,605
749,vvasileks,$2a$04$NP8r.PuFyzMl7lsc1KoXxeMMue6RbbTL5gELKB.XOiJFWm56v3Z/C,true,true,true,true,723
750,sjakovijevickt,$2a$04$kFlTHlA4QHFuOCvtoaDY/OMpyrIwWa.v1OuEtsG3rRjnpTn7G4z/6,true,true,true,true,743
751,sstoodersku,$2a$04$dIHPHoigKEFZguQqAR/0f.8t9HWoYy.TTioGfKdMmYEFyLSN60L0.,true,true,true,true,387
752,bchasteykv,$2a$04$5vO2r9Fzn/1j4CfMmrkHMOtsKktG.K97BQg2BvulVPXEPhMnB6JO6,true,true,true,true,966
753,citzakkw,$2a$04$Ag2oNZ76AZ3iLSKDnwtdPuEjryzeSftCIPHzcrewmHja6S2csS4hG,true,true,true,true,393
754,fantoniadeskx,$2a$04$Fr4H9rycwd1XCaA82KtMOOaNK5ssAtDrWFxlji7Zh25WNqbC7AAam,true,true,true,true,404
755,jdombrellky,$2a$04$owAzDGKMKst1aFzNRiM8suZnCFAEhPkvqHlksALLHqpP6UoXsx7XG,true,true,true,true,729
756,furquhartkz,$2a$04$RX5pp2Xc9U/FBgb.ZJxx.eOXm2ATSOzayByb677Rzi1AGHGUnxYbS,true,true,true,true,151
757,pbrannonl0,$2a$04$ijrdIcPgRpA7LgqvXtSik.2FRKuDAHaDdUw2hZvdMzAJ/CC4u3si2,true,true,true,true,135
758,dcattermulll1,$2a$04$5a0VxsK15l84/5igf8sEquwjTY4N1npBFSVE7Xq7fyeUHuA8sHJj.,true,true,true,true,838
759,bhurdisl2,$2a$04$d.3lxm1kW3cghmdbCWOIYehEeVtkCyY5hsfz0X1UT6keFD0O3DiEC,true,true,true,true,280
760,tkennewayl3,$2a$04$0FdmYIAAsIVKwqYcZIVZ1.PNRnIoTP31J5eJ1vLkekLh7/yk3ZwLC,true,true,true,true,404
761,gcouronnel4,$2a$04$O/YNrPMIRf0bcXHrpg.PH.uKOk3x3TlfsGQQmIX/hA6nYZr4FdGcS,true,true,true,true,598
762,smcginnelll5,$2a$04$FmRn0QLtXCNOKCfEXBD1qO27Wao.85BcFGkLggcj5CXHvVeqkd50W,true,true,true,true,305
763,cboothroydl6,$2a$04$eshUUBuAfhUlvnhkTYTbb.fby.U.lLzpKmFvxFclDziEZADQT8JaW,true,true,true,true,897
764,ashilstonel7,$2a$04$n9Dy6YNPjs78mU8eRio1s.1wOAYfnVB9yBZG4ha5Kp.8GkfKj.20m,true,true,true,true,35
765,ahavocl8,$2a$04$TBAXPmFsQI/aw5fZhDWnbuWOeDUdGDhPP6gRsRdugHyl24vkInH4m,true,true,true,true,773
766,tjenkisonl9,$2a$04$vddphvTj3vNNAJDB1B30puNwJAG1QMG2HUATyF2GgpQhJ1FljzC1G,true,true,true,true,638
767,oellitla,$2a$04$SBzdeKII3HnfpGQmYquTDObZJRsuYbIOHtL9rCWKGbU8gw06e98WK,true,true,true,true,196
768,isambrooklb,$2a$04$p7SuKqkl0ih..qJ1GDrWXeodvIL1G3b0wA4/vjTV9VUXs/xE8hTf.,true,true,true,true,486
769,jliccardolc,$2a$04$VGCKTmovxDVwlQf2XdCQk.OkWMxYQKVXJOpWiM5aUnAF4YGOjRXzq,true,true,true,true,317
770,obowerbankld,$2a$04$gxKGRgLXP7OITmqzXaC1huXGI/rNANPPi9nonnKhEbC5OPB7bCrVS,true,true,true,true,715
771,cdwelleyle,$2a$04$sSqw4HdNHJQDFL1mxer3O.2JyuHDQLUh1YN5boJtws0b0rA/Jo2qK,true,true,true,true,365
772,kgrafhamlf,$2a$04$Dboe/yN1zWW6kbAGwKcFSuOPLFfojQ65qTXKxHlH3FkiVD8xt5pnu,true,true,true,true,808
773,gblowerlg,$2a$04$c2XoD3L8hva1uUC2o5wiXOs0HmpqJh7Lea4VAjG1eF7VY6PPUc1H6,true,true,true,true,344
774,vsimenetlh,$2a$04$gtT6JuHXdinz/9t.bgdBqevacOsyhlNsSfx.bQjkkxLREx3tiQi6C,true,true,true,true,630
775,fponcefordli,$2a$04$m9X7i4/PNUo7REvqR67Gz.c37/EbCZ5gGVAxKQaHv8S4.CozF8SqO,true,true,true,true,488
776,aprovislj,$2a$04$E/jHhqF6EbDcIyw.dsSw0.y2TXS1tcP83bzeYiW92gIm.PsNoNu3i,true,true,true,true,731
777,jpichelk,$2a$04$iBuYeL606MDnoCIKvqIDVuNNF.Xfoxr2Obj26hdCLSHAwbo7qKsN.,true,true,true,true,733
778,wmynettll,$2a$04$k1PKjHMIfceqEK.9456yKux28AE0z6Ygmp3GVxNmNNnMHrEBFyxwq,true,true,true,true,114
779,candriolettilm,$2a$04$lOz2dD.T3zJP4WxQmMmbmOSfBvcqG/jz3YBW2jnrvZnXz/r.hyNNK,true,true,true,true,513
780,tvaldeln,$2a$04$LbeUPfDPKiEDgvitnyk/HOesIDnRZFCsGSUOXt.gLki98YXy6AVB.,true,true,true,true,810
781,mcochranlo,$2a$04$xgk2sFU6TBLyYFZ.UrmP1epYUV3ZeG2g1uG6WMPaAoGiTxqVgBYPm,true,true,true,true,775
782,gpithcocklp,$2a$04$dcskNKSiCDE1mTLsl6hQlubxzQQiSKzq9QdIpJZuSSPYn4FUGm8TK,true,true,true,true,231
783,espightlq,$2a$04$L6DNEuBshdnfdOQ9NjHefeOgOvxE5rsS9NP9ZKB3adgH5R5ElGCum,true,true,true,true,605
784,bfitzsymonslr,$2a$04$WdWprWTPB0fm8HA9QviDYOeV1OgBekkfigFqN8dwLBnhwDenxrwRm,true,true,true,true,511
785,tkarczinskils,$2a$04$CEiicuVa0HuJfFGbascVpu.ffpTXBmAzioeBu6bErJX7TF8et7aVS,true,true,true,true,347
786,fbonifacelt,$2a$04$iA1QNDNIx8m8wCnl2heaI.bwmRkWitQFhgLGSq.0fDKyuvB6csMxy,true,true,true,true,97
787,amonkmanlu,$2a$04$GtjcRKj0AFsIp8GRg5NK2OfDbmIxE/4AZkQFKVFD6HEw/mTeMMv62,true,true,true,true,190
788,mshoubridgelv,$2a$04$L99yJcq.rR.cfeXoi.Il/Op2oro8jn6vd3jFPv/Ny8CUzaOvRbpxe,true,true,true,true,337
789,dmarietlw,$2a$04$ifg5R3nEye6vcPNBQMNKeuAp7Zew4HvfpAUziTIxvzyGUuVqZXfJi,true,true,true,true,737
790,ffeatherbielx,$2a$04$YJO6mZt2sLZAYZpPupxph.boa3amEP2lq.3T4C.peAJ5sRZD9gw5C,true,true,true,true,840
791,msothernly,$2a$04$Od/EOz2aEOIaATHpBqlFAu1hE9IKgtfQqXQePOcVyL/uaK3jQjzKy,true,true,true,true,732
792,tlambrichtlz,$2a$04$LZS0NqQW8.Zi2dBeL4AxLe3yfMCq9EN2.qyDZoJ53vAwzauLy.hYS,true,true,true,true,143
793,gwickeym0,$2a$04$DQ3uo9lVGLD4emaqnX9WXeiQgD8iUVLSzolCLkfloZZsB6ACZDyT2,true,true,true,true,121
794,vbainbriggem1,$2a$04$B.Y3bg3DpirOW9ekkIPFlOom9e7Oxk/i4KYPw299rmmklFfdiHGe2,true,true,true,true,783
795,zbillisonm2,$2a$04$q7C1AsKxDJa0FOL84ARifeBUmS9AB4RYDtSymh80kZz8.WpsdbEku,true,true,true,true,685
796,mskeym3,$2a$04$0k2Y./zr4ru50jv/avTGz.w6RGMonOQBWtytDku/eFSX3wb1ByhQ2,true,true,true,true,509
797,rfrosdickm4,$2a$04$QtaKrdl2M3PruyUjW655ou/LaEGnxkWNyFWEDcXGIIXJ6j4vZiL2S,true,true,true,true,627
798,abrouwerm5,$2a$04$..n3kKiJiTRd0YRzmp2y7eocYmkhLyP2eOOpA6CbTtLh.X7.9GfKC,true,true,true,true,208
799,jfeastm6,$2a$04$1YxVhrSx8sDYW4nn04o52O2UZBnk243Ooqi2zM1eXBo4Jy1dmj1NS,true,true,true,true,567
800,llillistonem7,$2a$04$elBVd0IOV22tBR4.Er2DBu1FON9dntqx0JVY2jlWM8xHulRtDUyx.,true,true,true,true,174
801,ksticklandm8,$2a$04$CNMfp5bUWlY.ZctZfTpxYeYSLRm0axsjTzXnnWN5juuHhP2UglBw6,true,true,true,true,84
802,bfolleym9,$2a$04$5REhB1I0fA/olSK58e5Ghu4gDfWQkZibghAzuSaQ9Iv4Kt0koGW0O,true,true,true,true,302
803,sloinesma,$2a$04$F8GRLEU/rIdF62q0FG2rKO3mHtTc99ji.bDUQObv9qE84N1oaK0vi,true,true,true,true,250
804,awardlemb,$2a$04$uSdex6kkq2MsKHLg4kMFNu8tQ.goL9ayzdmhlTO8TpDBsnf6uGpLC,true,true,true,true,699
805,owynessmc,$2a$04$99MOkhCiZA..S8MbOMmaMujff1BILWEzXTd0FG4IwqhVlpMkx4lcW,true,true,true,true,338
806,ckaaskoopermd,$2a$04$HfCkhPIhdgD1KZuN1mj0/OdLas3K8Z/xO0J3Mo36AQ/SD7SdEKrcq,true,true,true,true,106
807,mrosenme,$2a$04$MSa58wCn95iyjFsI8872qO70B28FA2wbuJRIstO2JuYl9czoEm54S,true,true,true,true,320
808,bcronkshawmf,$2a$04$f8XSXqvpq95Z.ijrqFixDeJ282LGRXXE/meMOKIeumLmc4o6qWn5y,true,true,true,true,289
809,aedmandsmg,$2a$04$u6gUixXUwkwrlgTZsPzmcea4kTOjXm2Kzdzqf2oXnhuJOb4b9UmWK,true,true,true,true,646
810,aghelardimh,$2a$04$tLc7L2SUstwjNb3iKZEzueTgfuK2thM9nEN0P7bBymJOtg6zEBN9y,true,true,true,true,649
811,kphilpottmi,$2a$04$P8wW09s6bMYYotw8/oj3zOiL3/ADQ2DGj53M3gbXUNIfbM6wjJ2ni,true,true,true,true,694
812,randrejevicmj,$2a$04$9kJ7UCaoaWkfO64vqOZ9A.xUdZjpw3cRve5MBQkWSM8ZDZvIhChvO,true,true,true,true,904
813,bschistlmk,$2a$04$NL1ssO4LdC1sEabZ8f1qGeGA9X.wrzwCH/kPDJAduLohsd4sIMwAa,true,true,true,true,309
814,osculleyml,$2a$04$u.QI812Mf9ZiyRhH4g8.1.fxw1QTA4MoKJimc23irFdRjvgurDy32,true,true,true,true,416
815,scookesmm,$2a$04$0WAUwkTdoP46R.HKRZoAUupvngnnnCmVLThi12xt5Apycnitq0gsu,true,true,true,true,630
816,dpymmmn,$2a$04$D8l4WdQH8ozBt7H3MANF9ulPmyDFleLGzKpcyBOckGO1BgOQVcBG6,true,true,true,true,943
817,ahobbertmo,$2a$04$yIJVgtA.zlQKTUNb42vhXe9rMHUt6T4y57ygL359eWjmqQ1rEIxhO,true,true,true,true,734
818,bhaysarmp,$2a$04$GWkK7MaZJNBJ8B9E1LrRHOCszsYEpwxA.ML7KDOB7Rrmh0uwHgmvK,true,true,true,true,449
819,cfrancescottimq,$2a$04$LvGHqB0Obhmfl4snETPmIuX3qcbJ72OqKCq0ONHceMjm4i.WswjAK,true,true,true,true,5
820,dharbormr,$2a$04$3JBUGeBtVjAlZkKPKpGNhegN1czpRno/i8uJl9Tte1ClEciMudxd2,true,true,true,true,74
821,ctomczakms,$2a$04$6YIJH8Pg1SnCChz/KJrAOOiokhnKnOXaNVQhyaEkDIOhWA7I7ILEO,true,true,true,true,480
822,eplumemt,$2a$04$eTlh3V/p8BiR0C2EUiXCnueB4eBXMFsO1.pqLaIVIfYs..NMgTn7u,true,true,true,true,974
823,avaudinmu,$2a$04$99ndMcwh31A3n4sNiqrHa.Qxn674yvvoIgijY5690jc09Ghcl0oQW,true,true,true,true,764
824,schadwenmv,$2a$04$dS7ZIAySrrfCuPU1SNKziuiabAeNIYwzs.dbZSYfzMdcHyOnNaAbu,true,true,true,true,528
825,btrewhelamw,$2a$04$aAS7vkZKz3aVtDi/qkDgE..iDNRQpGMKKaZu3WylSLacQLB4.vCXW,true,true,true,true,735
826,givinsmx,$2a$04$JJK8j7ieWtoOW61hv61oP.oaonZFp2jG7wV.AuJpGUmJhK2CRG6oK,true,true,true,true,846
827,bbasantmy,$2a$04$CKAL2mkbt1LZpX/niCbkF.FyqMPrm8LZhpq1Hgw6yJa3y4plD2xWG,true,true,true,true,248
828,wmcdoualmz,$2a$04$1DMA.etsrE1Dk00AnW/eeuzX30Nnq2kNQWB3x/YOZ6nLBddoWFuaG,true,true,true,true,587
829,cleven0,$2a$04$LomIn4gLc7glnV8ieygJcOFFEBV4BxZkIEgpS/vYLZrCunHuikE8S,true,true,true,true,837
830,fvalentinettin1,$2a$04$72REyRcFesknLY8ymIbooucMY/xAjEenOZjNVSPLTCtYFJYayzxUS,true,true,true,true,266
831,lfiguren2,$2a$04$/Cy/h2M1vEMYGBG8rS0Tq.ryBOVdt0fL0yj3vNj4gBOed1LumMb7e,true,true,true,true,684
832,aclaitonn3,$2a$04$etqzUnQwnJc0GzsrZb3eG.d/bNq9KLIqKD/peBDrAZjBzJx4eelXK,true,true,true,true,400
833,vgeaneyn4,$2a$04$52otMcUswAg.X.7fDF5Ru.r2zdxRaGOD.Ioin4nzDcB2I/EbxvT92,true,true,true,true,847
834,kduligaln5,$2a$04$tCgZF6v7VSDj/RyHmucKveqr/6HiPcMRg8nDed57aVow84oPC79mC,true,true,true,true,607
835,jocodihien6,$2a$04$IEUGz6ZmP88Rxb1BB1OJlewEc6yMgXAnxkcSEuE9/wdffOdB1/yZi,true,true,true,true,558
836,mrunacresn7,$2a$04$EjzFK6SvR35UV.pfylqEZ.W8CYMJN/2J/2LjGz.ewWxOvleVEANFK,true,true,true,true,864
837,pbrandon8,$2a$04$Bkrc56ROs9Tv6udb0Wd0wuORrbh7KyJBTFC5tPwdqP6hI8VhanOn6,true,true,true,true,552
838,rhartrickn9,$2a$04$SPfkYqvHQTxkQMymuPnvCOmgnCMf7F6viHFG0G9qgzuf3PcMfF8Xa,true,true,true,true,209
839,rkimberleyna,$2a$04$ZLl1N7HszIeIY2vEa7DrhOfxLUdvENyNrAN/NdMmBcAmlj8IaNzSS,true,true,true,true,18
840,dchampneynb,$2a$04$j3YOoLSLMU0UU8zBFTyXcOAa.zSV6Jc1d3zMoi1/wscgtFgo5QcFS,true,true,true,true,654
841,sbellewnc,$2a$04$5cu96miy8WFDKS.ndAqUN.7CkSPYRNRyGTGx/3Bz50cnTmdB29EXO,true,true,true,true,72
842,tethingtonnd,$2a$04$pwlDoiAijUos1xPfg5vYLO5324FfJwLCkSdHRYRs5AagkmCwKFwu.,true,true,true,true,595
843,grottcherne,$2a$04$KU6LIJ5075vSq4vmX7fZO.gwu4wF2i70AUS0X2WeSP3AMeFYfwF7G,true,true,true,true,959
844,jmottnf,$2a$04$hVtR10qOOxIruOVDA8IS1uz5bEhG.WQaycv4ol13VU5EqqywMWIba,true,true,true,true,864
845,tdoughtyng,$2a$04$IwlUOMJOUTNbAaWniMBCauIcRsojWCRFYqc02Mi/wQxW3uA4GHD36,true,true,true,true,736
846,mpoizernh,$2a$04$Y4RyuslLJ9EHjoD4GV2lZOEm4wFTmVY5LNtyCy3xccgJeiKV/eqse,true,true,true,true,729
847,johogertieni,$2a$04$TqngMrzGRYkcA4c.T/wqEeFfOot5Opnr2QUWE.hgRRgzGT8trs8bW,true,true,true,true,725
848,olithcownj,$2a$04$U1Lf4NwR37uekFdD4P0fRO5cwMFA40NIML301jLw.UG1aZfTotpm6,true,true,true,true,846
849,gwhitehairnk,$2a$04$RH3rk.ekU/8DgiuzHYbKAu4g.QWQgC/ZeBDMGM21ruPPOkXv.JmsS,true,true,true,true,290
850,hsudlownl,$2a$04$b5VwZ4kvUXRKwiuMU39JzurC8qc2VUaDRG2sNPawIDpaJ9ANO1oKm,true,true,true,true,395
851,ctomeinm,$2a$04$Wg8srSQMLVn2LDFj.BySTuStkp16jx/ZMI.bsP.DfU.xLjxs3oihi,true,true,true,true,872
852,mkusicknn,$2a$04$rwA4bulBdweqFXBF20qW/urwmS1zLS8PUOmG4i3amU.6aHxO6ZJEa,true,true,true,true,533
853,josbourneno,$2a$04$yZvPaU.cd2FHDa2F484gperM8Gvbjuqavi5Goe/okHHbXqipq4hBC,true,true,true,true,875
854,tyouingsnp,$2a$04$jzGu6J8tAUiQRJ9DPOoW2uP2C.jUpAuaYq0dH5tlkmrjPACXixNxq,true,true,true,true,511
855,clevingtonnq,$2a$04$D.nq8U6PYF1Gh4SeeEj/IO7bP7Xev1alRATvEsTQn0ZulJ5rzTWfK,true,true,true,true,138
856,econninghamnr,$2a$04$TRUAxG.Db/Mf.uS3zPMn1uC2Zh2iLqTgEG4BS0lFZJObDI5AsaMTK,true,true,true,true,908
857,nmorans,$2a$04$fRRZYhnS4PFndqhTH4fZveB5UMNpWOX1dquPZn1130T/nDQE1T6Jq,true,true,true,true,269
858,icakent,$2a$04$M2QMKvVgANwg0VkxWuzGb.fpTUy/kgj0klSeetwlPVn9v0WmQHJO2,true,true,true,true,197
859,jmathonnu,$2a$04$F7GQe3hD0FCJqaP32LBjS.iSBQp1d3VNFuTku8CwQnb3wW1QLtkia,true,true,true,true,902
860,kpheazeynv,$2a$04$i6SwtGDqHEfenYUHCtv/8ewOdDuv8vu3QKrFiGF80ktrLncFPEBQW,true,true,true,true,994
861,sjuszczaknw,$2a$04$7I1Km6oJRaXgrJDe7x9IpesdKSINvd8q5Wrdurmz2dt4wJNpdAeXG,true,true,true,true,874
862,gjuppenx,$2a$04$YsQ621HpB0Wk9DF5hJX/TeLJpm9tREqZCC2fe/eJ58enrjjs2pbcO,true,true,true,true,613
863,lklulisekny,$2a$04$oUPy5wqwAxtr0dxOEAF.w.WIA.55QJFgE1yG..VLLGDuNiY31NECG,true,true,true,true,100
864,mrasellnz,$2a$04$N4VEwnuqo2nnwiP4xl8BI.blA0Ti7SZJOR6rivnx2sqhKAONm527.,true,true,true,true,771
865,fflintiffo0,$2a$04$o9L6ET/kte8vSNS.kSWaS.V8vgIjvGbBvaKglekNjCAU5jjJvvWPK,true,true,true,true,840
866,cnorthleyo1,$2a$04$kl9FjP2QLI6WYL2Wwa3PouQonzcvaXQuDsg8XHFCOdlE6rW15iGru,true,true,true,true,665
867,bcopemano2,$2a$04$YK5Rt.WR8CABw42bM1VIfO6M4TxC2X1nw2bshuEt6V7gFFnUoFpzu,true,true,true,true,331
868,nandriuliso3,$2a$04$KBc0CbJTTQNprpldWyTIle3QEgp8jer02/ot56VnP4p5Kl0xz/HHm,true,true,true,true,772
869,gpillingo4,$2a$04$T97WJJnkzr5nJYJVzguzcuKf5wEUzrZ0Wr2ZSJAwqn9rGsPQzWkXG,true,true,true,true,592
870,mrathboneo5,$2a$04$bYKI9zXl1GAzuCNLoMNA6.dca5l7657zOzInFXqEHf3czpXDr8//e,true,true,true,true,87
871,hpricketto6,$2a$04$E4fcGBFZQCuZLsqGTgRQzutVuN8710Q3DuyCYtpwlM4qVitcKmPDe,true,true,true,true,649
872,shegelo7,$2a$04$B0bRv1PxtYQD0ajpSB0TrORieZpTph8PaDs6rYaGiNTFll1xlyeg.,true,true,true,true,412
873,gmacaneo8,$2a$04$XmaOOLN3CHIHqxNMHA5plOc8CBB8.HWtmRTo1ZGZCLfCWhg64usfy,true,true,true,true,542
874,gklimashevicho9,$2a$04$XHCokQXpROJl22/N39DvY..y7aePgH/nG/4YS4p6IMfeTzmD2GWva,true,true,true,true,892
875,hlabonoa,$2a$04$p17tnWTTeRP3JLb0jENWhOZwX59WmUv.WV.krbQ1ziMA7Fw3KePqS,true,true,true,true,22
876,aarpinoob,$2a$04$4pggt3nx.k/LosE0mAlXquPOblWlReHam/LXtY1fqUpFib9p/rYiu,true,true,true,true,219
877,vmickanoc,$2a$04$JcrlzwYaeUOG6vPzk5oGRuIXmRWtPzGvuCGJTS.lh87SYrXQ5I9wW,true,true,true,true,94
878,ljohniganod,$2a$04$FfUZ9BFLds1IvkZ8Uahfe.JEETklL4aTS6dyKMFd.gail/12806ki,true,true,true,true,896
879,ryexleyoe,$2a$04$vH/mz7oLf911HwiNlXQ0JOz9yrt.UzQJUs9Y0Wlm4ONXeOJHeZwjm,true,true,true,true,741
880,mreanof,$2a$04$frSL9PYDpmPWCujWa6JA4O/DydHujt.7og2V7jLL1X17qn/DRVmYy,true,true,true,true,707
881,aantoniatog,$2a$04$aQXYhb3WQO1Mav0NGqtMI.7kh1K148HcD/PNOfZ6l.i8JbUZc7qNa,true,true,true,true,172
882,tgabboh,$2a$04$60uL3830NbImvd2V0fYNPOE0C1dyMvOs8ButjhOTVoCOSHjuQq85y,true,true,true,true,955
883,amathouseoi,$2a$04$JPIVO9IyfMh9DjO8DkjgNeZOPHsORC9JyqUyFGqnjVF26rt0vAhC.,true,true,true,true,703
884,bnevilleoj,$2a$04$q83qD60J6ovN1QqE6fYn6e/8iKlYE6M64p43G1XAlZmpMAtXMquSy,true,true,true,true,111
885,irameauok,$2a$04$Muf2YQOv/G1XWeyxTjMcpuX//GANAlIHakqIJ8/Hap1FLWwyWE/hm,true,true,true,true,628
886,chodcroftol,$2a$04$II7wd6UgV6Nw4/gKvvGzSuWDN5eIXSnYKy2vwT1T2E7pYnayNXW9e,true,true,true,true,120
887,bpiattiom,$2a$04$QB5qL7EXxk4PyCeSMDv1qOKWbwl3OnbPiX7H3iQZ3VDr59uFHRXiG,true,true,true,true,706
888,mpragnellon,$2a$04$cAoqwREK8BSZJHwBb3FgC.qnKyAYlkhmp4wTyP1dQQs3U9cWgZ78K,true,true,true,true,45
889,fcaenoo,$2a$04$CkpHdxkPhMf0jIwqvIaq/.aaTSlqq8WwpYQTdkaTDqRd3xJTgikha,true,true,true,true,611
890,lwhittenop,$2a$04$DXcDIzPqDoGtuAN439rAyOM9IIFOsbcBYRhPVACRjIYYK.wSEH8Ym,true,true,true,true,67
891,glutenoq,$2a$04$lfC7U3yYphrd5.OsDpjAxupWuCAsGQT/e7zPbLhwAr2ha2O/pcJVm,true,true,true,true,335
892,eriseboroughor,$2a$04$lKqGvCptXUbW7H8msZiCKuFGw0VWYInwM1o2xDwsgkgbIIxQWM3sO,true,true,true,true,489
893,kginnios,$2a$04$pnhfUVx42glnjx7Aa/d8suBZS4BTdi2s0XkaMuUeI3m71IYc7v18m,true,true,true,true,929
894,lmacveanot,$2a$04$wllnLBuLAWhyy56z93xkl.lautDEJU1Q5bhkMUX.GkF7XaasEqZSG,true,true,true,true,432
895,oaxfordou,$2a$04$1pVNVgwyUrUZdL5iK5pIfeTwoqbFiD6UJkSpjP4c/nZxsuu3sBDjm,true,true,true,true,949
896,mjakubowskiov,$2a$04$wyVV6I5a7SQ9aObhg3EKIuvr82UIJFV6ihPAJ6aHaux.k5kDO8ieS,true,true,true,true,346
897,abeazeow,$2a$04$JLCZ16UYx/XzJTy/CB/couNvpVgoSRXhRoPtRQGkqW/nXR.fnnLzW,true,true,true,true,689
898,sgoodliffox,$2a$04$lPXL3Z0eThdfvKyEwWUonevHUTQPPnwLMhpdZ5Ri/mHarzymytt3y,true,true,true,true,456
899,dspeakoy,$2a$04$GfbFCcfvqe6Y.JzT6yrh1OAlB4UMgd.Q9k6vwsCgDzL/GtfnWkjK2,true,true,true,true,220
900,csellsoz,$2a$04$zpfLhnhZSBp1OmpsN6CYSOnStRojHlIfDqPN2ILPEaV9/fEW/AzNa,true,true,true,true,133
901,spestorp0,$2a$04$bvZgwZZRgs3JbgxaskqxDu272dDKcrMk8LFAPgPpJPfYtX6riE5Hm,true,true,true,true,796
902,vpavlovskyp1,$2a$04$s0mP//MZyDLHbMUYmEy0wuJmZ5j9akSFwhA1cptIUXROEKUZyZ0eS,true,true,true,true,988
903,jlightbownep2,$2a$04$pDeSHqm2vNJF7B/onkNG2.2y1WDloib9vSzB2IGQzd.HCteW.OknS,true,true,true,true,410
904,veneferp3,$2a$04$fRAiKkKnQEyPt2aEpfuTEOhTOnbggf59buB91HR2YwZfqNHIi8hbq,true,true,true,true,523
905,wmacgovernp4,$2a$04$TZAF5L4vimOx3Lk5NMJG/Og3rtYwkhJ7tP75MziZOZIEwqsEk2dDm,true,true,true,true,476
906,mclewerp5,$2a$04$lcxz80HSGTwOUSxHkxbile0CTNRfL4wBdV1UBEMqxwkf86e2wUD1W,true,true,true,true,655
907,arunacresp6,$2a$04$MEehPoV202EIN1D7LcD7BugbJ3SG0f2W3mrAcA24zH9BkcLpF9wSq,true,true,true,true,673
908,cmckerleyp7,$2a$04$PBULp8I.czMpWzfQT.nlE.4FTPN5ZVbm9npMXutMt6Y7pX17nbG.u,true,true,true,true,972
909,tbayfieldp8,$2a$04$yv6BxCalDqpEc4uFObuUju7iPfZd3pp9nZTiZZKe90BfdSj6/vV6W,true,true,true,true,905
910,ndykesp9,$2a$04$w60ulxF4T6p7RfNdFefkWudeJedwvIT8LRgGFJXIeAEFhjQK.rPRC,true,true,true,true,100
911,slorkingpa,$2a$04$SZ93jwAr9mCPSlvhKj1UGeXg4EKgJpVJ0TwWoDplZHtfa6XQZ8qPe,true,true,true,true,680
912,tplumbleypb,$2a$04$6QGmlMINwDDtfDVq/Y7dpeRL/UW/cCQNR3XQ5FKvo6mH0q.7Si9zS,true,true,true,true,205
913,opetzoldpc,$2a$04$bbQvLBs1lOe3vXTp.3GmcuWm8QwcKfykQ4GUSq13pLgZrys6gC.mu,true,true,true,true,301
914,akitsonpd,$2a$04$Ac0quzCGjzZ5fVRSoiB00eHoUIjo7xOxquhTcStCFr8oYxFSDRvn.,true,true,true,true,975
915,dvarneype,$2a$04$oH0StIDthRzEotEYh38i7usoIFGR3OSGUI7s2Z6rt4phT6eTVHy8O,true,true,true,true,521
916,crubinsohnpf,$2a$04$Y51d5dQkK8rlFSE8MiEj0O41mp538f7cIbfLmMU8fenSD0i4TM1/u,true,true,true,true,75
917,akernarpg,$2a$04$Mzabk5tuEZLexpeddwjt0.E4ccsneYZPBRvXblkbe4hmlQMyVBAqu,true,true,true,true,599
918,tgarthshoreph,$2a$04$n.iAQsATRhWWiLPP6abUlO0lntTHmT3g.hObe7YAv.8MgXXvzWRBy,true,true,true,true,587
919,bbrackenburypi,$2a$04$ziScO8B8tyCIWAeFQCKOsueY5ojQAd0RmKtNmJW6FoXdN4IxAx42O,true,true,true,true,78
920,dingpj,$2a$04$94V.U3xuhAL98jX8oX/V2.PnWpDB.1RdjTxJ7gSWGBOkAEBCkk8Aq,true,true,true,true,513
921,risacqpk,$2a$04$GKLgMGX.hdLYanox4J.mEep4V7irz08cK3DQ3HP5strMG.Wit9oB6,true,true,true,true,910
922,nwingrovepl,$2a$04$pOW1vJ7lTniHZxPrlOyI4uU4FMnTEnP4JXBAW./gck9kxK7Z9W4yW,true,true,true,true,31
923,claudhampm,$2a$04$6LulfRq86FIuMDyoqGv0SOOEcx/7MS5N3fMQYHU7EQ4IRXM0tkJEm,true,true,true,true,264
924,thumpatchpn,$2a$04$xoPGKgVD22bpvBliLHuegeG4CRmin4BDdOLmUrGrqAwq4ZhjY/u6m,true,true,true,true,868
925,bmulcahypo,$2a$04$pr/E.o6TmnPyjnO1D9u7VuV8PROWsZo972ycamjdqFUGJhQ4jSrSW,true,true,true,true,524
926,bchattawaypp,$2a$04$P98kEQaK.7itFQDTdS12huqwZMrRpxMx/DnvMxS1P95NtJ4e5D.uO,true,true,true,true,498
927,acudihypq,$2a$04$GTzak98sKmwddUOrK0lqROCDDD0L.OJoWZLaQX7NrcquxL/Q.udC6,true,true,true,true,879
928,lgibbardpr,$2a$04$8Oqi89zOo/ype87D2axWIefSJ47yvzJZUkmrfYCG.WcdqvKB4vvti,true,true,true,true,12
929,rrannps,$2a$04$n/LnYY.vXYokHYLI53vuJeyY1pU2a96yNXjbwt2lIxpRkVoOrD.Vq,true,true,true,true,743
930,mpeacockept,$2a$04$2aCSuIJql3maQED9YsDLTeMu7LrqDgoTgU6oaixq/MoWzMPvHwalG,true,true,true,true,541
931,aothenpu,$2a$04$AgfqXaDKZ9bJqToFEUL8yu0NBrmJNPYvJ2XQBZiwGmp8jaaQr9avm,true,true,true,true,72
932,mwindruspv,$2a$04$fLNSFrmx/qhZ.0k72aGT2.rhSPjZbVo10CDWFTGaBrAk/0MDjL5q6,true,true,true,true,130
933,dbushillpw,$2a$04$U5UYRQUZMdTmbkag3KEkfOjp/GcbDgtL3UiOF2HSa/eq71KlR45Eu,true,true,true,true,843
934,bdannellpx,$2a$04$KKrdIKhQKC4H1Nj2TTnYZedW6kq61uib7dKpU3nsQeo4eCWQESuEC,true,true,true,true,262
935,laloigipy,$2a$04$E21hKE5z3mjwrSmlxE0FK.MISMqxvzlbVMLdqsfEJWUT3nOSDSyEK,true,true,true,true,566
936,gdwightpz,$2a$04$pIUe0gnWw2/ayJNKuzORmOEBuYhsfa.RgB.cfoWgZgNx4wMxD8erm,true,true,true,true,328
937,aizonq0,$2a$04$xcYIheBv3q/WlIhDIt.CQObXvFFsjkOYuejIEnQ44iEeyEawdm3RO,true,true,true,true,367
938,kpolendineq1,$2a$04$TguJ7TGQAdq5Dhgqxo2E0ODUJzUS1uheHGN1TdUO/meX8G2wTu4WO,true,true,true,true,497
939,sdeeringq2,$2a$04$zGlJzXzR.8EaFuJyB40FOeqyy1dXj2uigCrNHaGX80ivNu0KMynsW,true,true,true,true,190
940,bortellsq3,$2a$04$JyvuU1AfalfXroYoHBsh1.JKkTVBxadOA4mRHAMar6X8lbacWODwe,true,true,true,true,740
941,kantoniewskiq4,$2a$04$9O5EpeLPSVnujBLheoQlkOt.9NHCmnlL2XcSS.J3mGa/Bv2lp3Qgq,true,true,true,true,363
942,peykelq5,$2a$04$MjSRvLq2tIbfopKNH6g0NuQ4A/3YL7GQ0I.gaJaRXbCNw865MhIdC,true,true,true,true,995
943,lregnardq6,$2a$04$d8eQ/g8Mwog4AXhCjLOk2Of3WiMJ2oAaM0FLre.nLGlP2NX2mlVhe,true,true,true,true,894
944,eeamerq7,$2a$04$g.XQiLwzS73TchR48wqAhu4Iea2qIxHLNPpPx3Xo9442lmQOytAAm,true,true,true,true,787
945,mosesnaneq8,$2a$04$VgKmxzAnr3vFiyKEsBE77uYJiOapPQ/ZDBSJTybf1dirvsH7s0COq,true,true,true,true,97
946,mreamsq9,$2a$04$9WaQbJm0Hh.NuZOynLIJvu43xGsk1eZOj6IGgImmb2GlfsXbtGwwS,true,true,true,true,159
947,aremerqa,$2a$04$DcDE4IecKgZBcjaqwPVKM.ITzh8eFhSnq4Fop4ezTTnCaInNzGw/G,true,true,true,true,534
948,cchattellqb,$2a$04$vlAwUam0rI76OQp51anZ7upo8NQh9P7BYZLWjWL.b38085dHzPWDK,true,true,true,true,969
949,cgiraudotqc,$2a$04$qFFgU.ZA7x2qxIU9ZiNjpuzUeYaFv8hsyNpgbLrVvp2Si6oOrC/zS,true,true,true,true,975
950,mcourtonneqd,$2a$04$TlkCo9eGKVvgLCbag3JhgecXiiofdsEHC/ZXktZjOXrmBtixH26L.,true,true,true,true,461
951,rrickerqe,$2a$04$v0mAGI7KtHNwH1Pn.ZUumebAtHbt6npc7rnze65bF.RNg9wkCvP0i,true,true,true,true,945
952,agobellqf,$2a$04$6uwmZ3CRsPLtB2b8OHKULuNKEmrtXlQTv2bsystqI7HXrXL9UxBem,true,true,true,true,216
953,erutleyqg,$2a$04$.K4nlAwOLCQMV6cIlHaQfeJ8BzqYGtvZBj2tUTArn.tDH4lvmDC4e,true,true,true,true,643
954,cfleetqh,$2a$04$TLjfyWa.4QZ4HpQfMkZz6ezFX1WCeaFSoZlOr1yFPWOkBeQKfiISm,true,true,true,true,954
955,egabbattqi,$2a$04$N5g6APHqtBo6JS/NxWmL4O2adhpEWY5gckKrMAdzMVVGx5Hj9Fgkq,true,true,true,true,196
956,dmcareeqj,$2a$04$wDU69NaXAJy5tTe9t3QngeWoC7.lvDWD7a5z4QQSRFemfEpyw0pIi,true,true,true,true,459
957,afiggsqk,$2a$04$ynuismsRLRnd..aZNCg.0eQyYK.J1kd1fLK2DGV9/rXbR4wia04Mi,true,true,true,true,10
958,hdarbishireql,$2a$04$m/vDc6isBa55ulhldBC1.esxbVvifA5Fp0GInrnBqnEUqBzKq6m1i,true,true,true,true,965
959,jlimeburnerqm,$2a$04$DLaiSZC05ruWQi5xUvto/Ov75haCe31lxDvuoEXKOBcX.9m9d66k.,true,true,true,true,954
960,npurvisqn,$2a$04$Emz8yZcSISdZUoNbT6N42.8MECm6n5WMe6IleWeAEeg1Mfybkk9h.,true,true,true,true,864
961,bfourmanqo,$2a$04$XhN0aNfbdnFoCjjrena0suol51VwhMTjoj0CW8ZqWvyFuYqlhF4B.,true,true,true,true,655
962,ldanzeyqp,$2a$04$4qv/Tb/NZkA6KeRHgrXatOHMxhvkUPCQIL0ubTmCmUw1ltkWDyyCW,true,true,true,true,286
963,fforwardqq,$2a$04$9E0NhE/ULB1VfHu8y3kYkOFE9L5C7rATOin7mBMHcsDpKvFSTUnIW,true,true,true,true,755
964,msuffieldqr,$2a$04$ao.BY1a6q9b3oxHQK1V2Ren6pw3vEUSq8ZjthW3Dj/B8U.uzrxm6a,true,true,true,true,322
965,rferiaqs,$2a$04$uiw8t131Szt/JNCvlu1MzeSaP2UvkVj.I19OX.qG4tbteY9lJ/p72,true,true,true,true,584
966,fjacquemeqt,$2a$04$4Msb.ohcbDzHx1zyKvIeMOQEIJUQxzPZAtFzaR3HxyVcf3iVYLBqe,true,true,true,true,524
967,jnanglequ,$2a$04$05n6sFRPJwd2AlLMG1vUfuhP0ZL81b38ZidyKb0lgEyeecdia71Km,true,true,true,true,221
968,rmulkerrinsqv,$2a$04$6w67H5wO8njYe2wdUR3eJucApyIEJ/k/rYeB20qJ2FKLFDXCuoYRy,true,true,true,true,263
969,nmustardqw,$2a$04$.nbjLD4fwjxeN.7CynP5O.BHJIV8dKwiHQO7wFf6rTyJiFX5tbV4G,true,true,true,true,166
970,lgordonqx,$2a$04$uX04zI8c2bOPBaNwyW59TeTd0Tjfvo7r0u6kIWX1q9vlnWSMAT4ym,true,true,true,true,657
971,aabramamovqy,$2a$04$WUpvxkvUX5mlgHEgLlzHQ.IWij87Y7t8za3vmAmyj7D5a6c8byWd6,true,true,true,true,954
972,lsullerqz,$2a$04$Jxl2LfdtCfQzO6wqCbdbROJsjGCUU7RwvrcQHu0zUrbqXJkYZHmzO,true,true,true,true,381
973,csodeaur0,$2a$04$8pvoQg4i6KBL7POoZcr1z.eki5XnpisEONYLmc7VR1C3K1cgHjijO,true,true,true,true,34
974,qabrahmr1,$2a$04$myYWHINKKsablfWbaD6U5eu86JXWGOtDxFUrPstIJrUNiXYc6MGg2,true,true,true,true,30
975,bdowbigginr2,$2a$04$nkxLEBToBqKMnM6MVO7K2OpC//ohMtH2fXbyS8Pji8ULOm3qo.esK,true,true,true,true,125
976,hpicr3,$2a$04$xWyWuyMfagP8mHi/OLa6Guai8l9vqI1W/hpBlKnP9Hrel0dpFmYS6,true,true,true,true,382
977,sdysertr4,$2a$04$TKsa8/fJ5evfWqNlNB4lu.85tfnoYbkzkruf6e8FT68wXZC50q5YG,true,true,true,true,707
978,chouldinr5,$2a$04$Mp8fQuxcFW35CkL3BXw/OufFBsmZaFQihUodDfbYeFrb.mEL6DY52,true,true,true,true,886
979,mendersonr6,$2a$04$sKcxFome13/3YyMMnNne2eVpN2UCsto7o9j.k418peVB4XNvKWna6,true,true,true,true,898
980,lwelchmanr7,$2a$04$wZO5St7W0R.mF1a0sOU6gO2Gmhv7I8q4sxQ7JbeHehF2yVZLvcmSu,true,true,true,true,377
981,lramplingr8,$2a$04$NFJ8uCTf6I1WjlVwFKueTesGWyqzqs9cdNgQHX9NBI3XauPM3UPEe,true,true,true,true,607
982,cmansker9,$2a$04$XSJ2YTBaClMHUtV1PslaGe1ecArYvZBIpn.jup3XyR9KVQv6t9ONW,true,true,true,true,511
983,lepinayra,$2a$04$iYgMmiHCvUw8Qp4KMfaHUeMYKIVZwHVHnRhzR9YEMsGXo8s5hzd8m,true,true,true,true,495
984,bdeppenrb,$2a$04$fFBd0JDfqzA0gduRbTeqneCJX0sJMO3FGN1CZYDqGhUAD73IlurM.,true,true,true,true,471
985,ffellenorrc,$2a$04$FNuQySlYS8pgsM2eHfj0SejUG15aofff70TV6q6EzNcFXdWcGp4Qe,true,true,true,true,753
986,agrellisrd,$2a$04$vyWBbFuxCUp0Suhz7q6.u.AUSX9HFN0N377QnOnEI2fDdYvHuYWBW,true,true,true,true,75
987,rbloxsomre,$2a$04$HFl.fm2p5uyx9OzJZ94tAefVV42viR.NbxCidD4cKAirlseHJ1lYC,true,true,true,true,672
988,gdewrf,$2a$04$5FXsOEPJd427d5FjwwlGo.tTvVhDYD5mZlxvAbT0CbLSrFSIervHu,true,true,true,true,686
989,ugossoprg,$2a$04$4G5YTmFhioB4sSYXLYkjQOvmvPHSa9ZOYbyh2lHPTML.mSgjMuLUa,true,true,true,true,54
990,estreetenrh,$2a$04$Oaz/q8hsM/4AGa3CX1dl/eyDuqGkLtCq/8dIEVHjfnyTWp7TcaIQK,true,true,true,true,303
991,csayceri,$2a$04$XjJOTjomPpfR/Nw1qv9dO.lRYZ9/BlPYlE06J5zIdXPBtV3L7//1a,true,true,true,true,782
992,vspeedyrj,$2a$04$J8ZYDdViz5FxHUVfUoCGMOKOkiNAtAb8LZFZBic/M.kh8Sj7W8lUS,true,true,true,true,723
993,lszwandtrk,$2a$04$JxHzuCtIKfo3VsI79Wed2eHkOC0Z/5JtH4W0LoRWZO3So.8fLi4WS,true,true,true,true,191
994,ebawlesrl,$2a$04$yQ.VJMQAdYEkYASTB5/2E.lejRt8mCzZxhnNaEwgTHswQjckbPYqq,true,true,true,true,188
995,mjacombsrm,$2a$04$wm.PdthR3wUslejAbomwH.GIiyNlXDXUfjlUUISPOV4R1SIA1EbMG,true,true,true,true,654
996,vsaintsburyrn,$2a$04$VrH.DXTFt34nKcu39lgpgOiZstVh1aHID4t6Xk/G4XThHe7unHc.q,true,true,true,true,367
997,yminghellaro,$2a$04$pvp7faWtExsYUFs9/EbzHuBU2xeAe/jhtKlRmwmbR16VZdeOh8mka,true,true,true,true,502
998,mfurmingerrp,$2a$04$CHR8.YygCQHCClru81FP/u9lws6yll1FVVxQbwb5V3u3i4m33dJqW,true,true,true,true,703
999,cnewhouserq,$2a$04$jxdq/gYNsek5q9O29qMvxOknVTsAPZt.4pMi4/mv9sE5mWr4pg7JK,true,true,true,true,511
1000,pdoryrr,$2a$04$X35Vbzz8lm9gPAbqtQpuf.AKer.UuCwZkspb2MGJwi0KCNTuyyNk2,true,true,true,true,14
